area_id,area_level,name_tr,parent_id,valid_from,valid_to,basis,source_id,source_area_id,medas_code
TR-01-001,district,Aladağ,TR-01,,,,hdx_cod_ab_tur,TR-D-01-001,1757
TR-01-002,district,Ceyhan,TR-01,,,,hdx_cod_ab_tur,TR-D-01-002,1219
TR-01-003,district,Çukurova,TR-01,2008,,observed,hdx_cod_ab_tur,TR-D-01-003,2033
TR-01-004,district,Feke,TR-01,,,,hdx_cod_ab_tur,TR-D-01-004,1329
TR-01-005,district,İmamoğlu,TR-01,,,,hdx_cod_ab_tur,TR-D-01-005,1806
TR-01-006,district,Karaisalı,TR-01,,,,hdx_cod_ab_tur,TR-D-01-006,1437
TR-01-007,district,Karataş,TR-01,,,,hdx_cod_ab_tur,TR-D-01-007,1443
TR-01-008,district,Kozan,TR-01,,,,hdx_cod_ab_tur,TR-D-01-008,1486
TR-01-009,district,Pozantı,TR-01,,,,hdx_cod_ab_tur,TR-D-01-009,1580
TR-01-010,district,Saimbeyli,TR-01,,,,hdx_cod_ab_tur,TR-D-01-010,1588
TR-01-011,district,Sarıçam,TR-01,2008,,observed,hdx_cod_ab_tur,TR-D-01-011,2032
TR-01-012,district,Seyhan,TR-01,,,,hdx_cod_ab_tur,TR-D-01-012,1104
TR-01-013,district,Tufanbeyli,TR-01,,,,hdx_cod_ab_tur,TR-D-01-013,1687
TR-01-014,district,Yumurtalık,TR-01,,,,hdx_cod_ab_tur,TR-D-01-014,1734
TR-01-015,district,Yüreğir,TR-01,,,,hdx_cod_ab_tur,TR-D-01-015,1748
TR-02-001,district,Adıyaman,TR-02,,,,hdx_cod_ab_tur,TR-D-02-001,1105
TR-02-002,district,Besni,TR-02,,,,hdx_cod_ab_tur,TR-D-02-002,1182
TR-02-003,district,Çelikhan,TR-02,,,,hdx_cod_ab_tur,TR-D-02-003,1246
TR-02-004,district,Gerger,TR-02,,,,hdx_cod_ab_tur,TR-D-02-004,1347
TR-02-005,district,Gölbaşı,TR-02,,,,hdx_cod_ab_tur,TR-D-02-005,1354
TR-02-006,district,Kâhta,TR-02,,,,hdx_cod_ab_tur,TR-D-02-006,1425
TR-02-007,district,Samsat,TR-02,,,,hdx_cod_ab_tur,TR-D-02-007,1592
TR-02-008,district,Sincik,TR-02,,,,hdx_cod_ab_tur,TR-D-02-008,1985
TR-02-009,district,Tut,TR-02,,,,hdx_cod_ab_tur,TR-D-02-009,1989
TR-03-001,district,Afyonkarahisar,TR-03,,,,hdx_cod_ab_tur,TR-D-03-001,1108
TR-03-002,district,Başmakçı,TR-03,,,,hdx_cod_ab_tur,TR-D-03-002,1771
TR-03-003,district,Bayat,TR-03,,,,hdx_cod_ab_tur,TR-D-03-003,1773
TR-03-004,district,Bolvadin,TR-03,,,,hdx_cod_ab_tur,TR-D-03-004,1200
TR-03-005,district,Çay,TR-03,,,,hdx_cod_ab_tur,TR-D-03-005,1239
TR-03-006,district,Çobanlar,TR-03,,,,hdx_cod_ab_tur,TR-D-03-006,1906
TR-03-007,district,Dazkırı,TR-03,,,,hdx_cod_ab_tur,TR-D-03-007,1267
TR-03-008,district,Dinar,TR-03,,,,hdx_cod_ab_tur,TR-D-03-008,1281
TR-03-009,district,Emirdağ,TR-03,,,,hdx_cod_ab_tur,TR-D-03-009,1306
TR-03-010,district,Evciler,TR-03,,,,hdx_cod_ab_tur,TR-D-03-010,1923
TR-03-011,district,Hocalar,TR-03,,,,hdx_cod_ab_tur,TR-D-03-011,1944
TR-03-012,district,İhsaniye,TR-03,,,,hdx_cod_ab_tur,TR-D-03-012,1404
TR-03-013,district,İscehisar,TR-03,,,,hdx_cod_ab_tur,TR-D-03-013,1809
TR-03-014,district,Kızılören,TR-03,,,,hdx_cod_ab_tur,TR-D-03-014,1961
TR-03-015,district,Sandıklı,TR-03,,,,hdx_cod_ab_tur,TR-D-03-015,1594
TR-03-016,district,Sinanpaşa,TR-03,,,,hdx_cod_ab_tur,TR-D-03-016,1626
TR-03-017,district,Sultandağı,TR-03,,,,hdx_cod_ab_tur,TR-D-03-017,1639
TR-03-018,district,Şuhut,TR-03,,,,hdx_cod_ab_tur,TR-D-03-018,1664
TR-04-001,district,Ağrı,TR-04,,,,hdx_cod_ab_tur,TR-D-04-001,1111
TR-04-002,district,Diyadin,TR-04,,,,hdx_cod_ab_tur,TR-D-04-002,1283
TR-04-003,district,Doğubayazıt,TR-04,,,,hdx_cod_ab_tur,TR-D-04-003,1287
TR-04-004,district,Eleşkirt,TR-04,,,,hdx_cod_ab_tur,TR-D-04-004,1301
TR-04-005,district,Hamur,TR-04,,,,hdx_cod_ab_tur,TR-D-04-005,1379
TR-04-006,district,Patnos,TR-04,,,,hdx_cod_ab_tur,TR-D-04-006,1568
TR-04-007,district,Taşlıçay,TR-04,,,,hdx_cod_ab_tur,TR-D-04-007,1667
TR-04-008,district,Tutak,TR-04,,,,hdx_cod_ab_tur,TR-D-04-008,1691
TR-05-001,district,Amasya,TR-05,,,,hdx_cod_ab_tur,TR-D-05-001,1134
TR-05-002,district,Göynücek,TR-05,,,,hdx_cod_ab_tur,TR-D-05-002,1363
TR-05-003,district,Gümüşhacıköy,TR-05,,,,hdx_cod_ab_tur,TR-D-05-003,1368
TR-05-004,district,Hamamözü,TR-05,,,,hdx_cod_ab_tur,TR-D-05-004,1938
TR-05-005,district,Merzifon,TR-05,,,,hdx_cod_ab_tur,TR-D-05-005,1524
TR-05-006,district,Suluova,TR-05,,,,hdx_cod_ab_tur,TR-D-05-006,1641
TR-05-007,district,Taşova,TR-05,,,,hdx_cod_ab_tur,TR-D-05-007,1668
TR-06-001,district,Akyurt,TR-06,,,,hdx_cod_ab_tur,TR-D-06-001,1872
TR-06-002,district,Altındağ,TR-06,,,,hdx_cod_ab_tur,TR-D-06-002,1130
TR-06-003,district,Ayaş,TR-06,,,,hdx_cod_ab_tur,TR-D-06-003,1157
TR-06-004,district,Bala,TR-06,,,,hdx_cod_ab_tur,TR-D-06-004,1167
TR-06-005,district,Beypazarı,TR-06,,,,hdx_cod_ab_tur,TR-D-06-005,1187
TR-06-006,district,Çamlıdere,TR-06,,,,hdx_cod_ab_tur,TR-D-06-006,1227
TR-06-007,district,Çankaya,TR-06,,,,hdx_cod_ab_tur,TR-D-06-007,1231
TR-06-008,district,Çubuk,TR-06,,,,hdx_cod_ab_tur,TR-D-06-008,1260
TR-06-009,district,Elmadağ,TR-06,,,,hdx_cod_ab_tur,TR-D-06-009,1302
TR-06-010,district,Etimesgut,TR-06,,,,hdx_cod_ab_tur,TR-D-06-010,1922
TR-06-011,district,Evren,TR-06,,,,hdx_cod_ab_tur,TR-D-06-011,1924
TR-06-012,district,Gölbaşı,TR-06,,,,hdx_cod_ab_tur,TR-D-06-012,1744
TR-06-013,district,Güdül,TR-06,,,,hdx_cod_ab_tur,TR-D-06-013,1365
TR-06-014,district,Haymana,TR-06,,,,hdx_cod_ab_tur,TR-D-06-014,1387
TR-06-015,district,Kahramankazan,TR-06,2017,,observed,hdx_cod_ab_tur,TR-D-06-015,1815
TR-06-016,district,Kalecik,TR-06,,,,hdx_cod_ab_tur,TR-D-06-016,1427
TR-06-017,district,Keçiören,TR-06,,,,hdx_cod_ab_tur,TR-D-06-017,1745
TR-06-018,district,Kızılcahamam,TR-06,,,,hdx_cod_ab_tur,TR-D-06-018,1473
TR-06-019,district,Mamak,TR-06,,,,hdx_cod_ab_tur,TR-D-06-019,1746
TR-06-020,district,Nallıhan,TR-06,,,,hdx_cod_ab_tur,TR-D-06-020,1539
TR-06-021,district,Polatlı,TR-06,,,,hdx_cod_ab_tur,TR-D-06-021,1578
TR-06-022,district,Pursaklar,TR-06,2008,,observed,hdx_cod_ab_tur,TR-D-06-022,2034
TR-06-023,district,Sincan,TR-06,,,,hdx_cod_ab_tur,TR-D-06-023,1747
TR-06-024,district,Şereflikoçhisar,TR-06,,,,hdx_cod_ab_tur,TR-D-06-024,1658
TR-06-025,district,Yenimahalle,TR-06,,,,hdx_cod_ab_tur,TR-D-06-025,1723
TR-06-x1815,district,Kazan,TR-06,,2016,observed,tuik_medas,,1815
TR-07-001,district,Akseki,TR-07,,,,hdx_cod_ab_tur,TR-D-07-001,1121
TR-07-002,district,Aksu,TR-07,2008,,observed,hdx_cod_ab_tur,TR-D-07-002,2035
TR-07-003,district,Alanya,TR-07,,,,hdx_cod_ab_tur,TR-D-07-003,1126
TR-07-004,district,Demre,TR-07,,,,hdx_cod_ab_tur,TR-D-07-004,1811
TR-07-005,district,Döşemealtı,TR-07,2008,,observed,hdx_cod_ab_tur,TR-D-07-005,2036
TR-07-006,district,Elmalı,TR-07,,,,hdx_cod_ab_tur,TR-D-07-006,1303
TR-07-007,district,Finike,TR-07,,,,hdx_cod_ab_tur,TR-D-07-007,1333
TR-07-008,district,Gazipaşa,TR-07,,,,hdx_cod_ab_tur,TR-D-07-008,1337
TR-07-009,district,Gündoğmuş,TR-07,,,,hdx_cod_ab_tur,TR-D-07-009,1370
TR-07-010,district,İbradı,TR-07,,,,hdx_cod_ab_tur,TR-D-07-010,1946
TR-07-011,district,Kaş,TR-07,,,,hdx_cod_ab_tur,TR-D-07-011,1451
TR-07-012,district,Kemer,TR-07,,,,hdx_cod_ab_tur,TR-D-07-012,1959
TR-07-013,district,Kepez,TR-07,2008,,observed,hdx_cod_ab_tur,TR-D-07-013,2037
TR-07-014,district,Konyaaltı,TR-07,2008,,observed,hdx_cod_ab_tur,TR-D-07-014,2038
TR-07-015,district,Korkuteli,TR-07,,,,hdx_cod_ab_tur,TR-D-07-015,1483
TR-07-016,district,Kumluca,TR-07,,,,hdx_cod_ab_tur,TR-D-07-016,1492
TR-07-017,district,Manavgat,TR-07,,,,hdx_cod_ab_tur,TR-D-07-017,1512
TR-07-018,district,Muratpaşa,TR-07,2008,,observed,hdx_cod_ab_tur,TR-D-07-018,2039
TR-07-019,district,Serik,TR-07,,,,hdx_cod_ab_tur,TR-D-07-019,1616
TR-07-x1138,district,Merkez,TR-07,,2007,observed,tuik_medas,,1138
TR-08-001,district,Ardanuç,TR-08,,,,hdx_cod_ab_tur,TR-D-08-001,1145
TR-08-002,district,Arhavi,TR-08,,,,hdx_cod_ab_tur,TR-D-08-002,1147
TR-08-003,district,Artvin,TR-08,,,,hdx_cod_ab_tur,TR-D-08-003,1152
TR-08-004,district,Borçka,TR-08,,,,hdx_cod_ab_tur,TR-D-08-004,1202
TR-08-005,district,Hopa,TR-08,,,,hdx_cod_ab_tur,TR-D-08-005,1395
TR-08-006,district,Kemalpaşa,TR-08,2017,,observed,hdx_cod_ab_tur,TR-D-08-006,2105
TR-08-007,district,Murgul,TR-08,,,,hdx_cod_ab_tur,TR-D-08-007,1828
TR-08-008,district,Şavşat,TR-08,,,,hdx_cod_ab_tur,TR-D-08-008,1653
TR-08-009,district,Yusufeli,TR-08,,,,hdx_cod_ab_tur,TR-D-08-009,1736
TR-09-001,district,Bozdoğan,TR-09,,,,hdx_cod_ab_tur,TR-D-09-001,1206
TR-09-002,district,Buharkent,TR-09,,,,hdx_cod_ab_tur,TR-D-09-002,1781
TR-09-003,district,Çine,TR-09,,,,hdx_cod_ab_tur,TR-D-09-003,1256
TR-09-004,district,Didim,TR-09,,,,hdx_cod_ab_tur,TR-D-09-004,2000
TR-09-005,district,Efeler,TR-09,2013,,observed,hdx_cod_ab_tur,TR-D-09-005,2076
TR-09-006,district,Germencik,TR-09,,,,hdx_cod_ab_tur,TR-D-09-006,1348
TR-09-007,district,İncirliova,TR-09,,,,hdx_cod_ab_tur,TR-D-09-007,1807
TR-09-008,district,Karacasu,TR-09,,,,hdx_cod_ab_tur,TR-D-09-008,1435
TR-09-009,district,Karpuzlu,TR-09,,,,hdx_cod_ab_tur,TR-D-09-009,1957
TR-09-010,district,Koçarlı,TR-09,,,,hdx_cod_ab_tur,TR-D-09-010,1479
TR-09-011,district,Köşk,TR-09,,,,hdx_cod_ab_tur,TR-D-09-011,1968
TR-09-012,district,Kuşadası,TR-09,,,,hdx_cod_ab_tur,TR-D-09-012,1497
TR-09-013,district,Kuyucak,TR-09,,,,hdx_cod_ab_tur,TR-D-09-013,1498
TR-09-014,district,Nazilli,TR-09,,,,hdx_cod_ab_tur,TR-D-09-014,1542
TR-09-015,district,Söke,TR-09,,,,hdx_cod_ab_tur,TR-D-09-015,1637
TR-09-016,district,Sultanhisar,TR-09,,,,hdx_cod_ab_tur,TR-D-09-016,1640
TR-09-017,district,Yenipazar,TR-09,,,,hdx_cod_ab_tur,TR-D-09-017,1724
TR-09-x1159,district,Merkez,TR-09,,2012,observed,tuik_medas,,1159
TR-10-001,district,Altıeylül,TR-10,2013,,observed,hdx_cod_ab_tur,TR-D-10-001,2077
TR-10-002,district,Ayvalık,TR-10,,,,hdx_cod_ab_tur,TR-D-10-002,1161
TR-10-003,district,Balya,TR-10,,,,hdx_cod_ab_tur,TR-D-10-003,1169
TR-10-004,district,Bandırma,TR-10,,,,hdx_cod_ab_tur,TR-D-10-004,1171
TR-10-005,district,Bigadiç,TR-10,,,,hdx_cod_ab_tur,TR-D-10-005,1191
TR-10-006,district,Burhaniye,TR-10,,,,hdx_cod_ab_tur,TR-D-10-006,1216
TR-10-007,district,Dursunbey,TR-10,,,,hdx_cod_ab_tur,TR-D-10-007,1291
TR-10-008,district,Edremit,TR-10,,,,hdx_cod_ab_tur,TR-D-10-008,1294
TR-10-009,district,Erdek,TR-10,,,,hdx_cod_ab_tur,TR-D-10-009,1310
TR-10-010,district,Gömeç,TR-10,,,,hdx_cod_ab_tur,TR-D-10-010,1928
TR-10-011,district,Gönen,TR-10,,,,hdx_cod_ab_tur,TR-D-10-011,1360
TR-10-012,district,Havran,TR-10,,,,hdx_cod_ab_tur,TR-D-10-012,1384
TR-10-013,district,İvrindi,TR-10,,,,hdx_cod_ab_tur,TR-D-10-013,1418
TR-10-014,district,Karesi,TR-10,2013,,observed,hdx_cod_ab_tur,TR-D-10-014,2078
TR-10-015,district,Kepsut,TR-10,,,,hdx_cod_ab_tur,TR-D-10-015,1462
TR-10-016,district,Manyas,TR-10,,,,hdx_cod_ab_tur,TR-D-10-016,1514
TR-10-017,district,Marmara,TR-10,,,,hdx_cod_ab_tur,TR-D-10-017,1824
TR-10-018,district,Savaştepe,TR-10,,,,hdx_cod_ab_tur,TR-D-10-018,1608
TR-10-019,district,Sındırgı,TR-10,,,,hdx_cod_ab_tur,TR-D-10-019,1619
TR-10-020,district,Susurluk,TR-10,,,,hdx_cod_ab_tur,TR-D-10-020,1644
TR-10-x1168,district,Merkez,TR-10,,2012,observed,tuik_medas,,1168
TR-11-001,district,Bilecik,TR-11,,,,hdx_cod_ab_tur,TR-D-11-001,1192
TR-11-002,district,Bozüyük,TR-11,,,,hdx_cod_ab_tur,TR-D-11-002,1210
TR-11-003,district,Gölpazarı,TR-11,,,,hdx_cod_ab_tur,TR-D-11-003,1359
TR-11-004,district,İnhisar,TR-11,,,,hdx_cod_ab_tur,TR-D-11-004,1948
TR-11-005,district,Osmaneli,TR-11,,,,hdx_cod_ab_tur,TR-D-11-005,1559
TR-11-006,district,Pazaryeri,TR-11,,,,hdx_cod_ab_tur,TR-D-11-006,1571
TR-11-007,district,Söğüt,TR-11,,,,hdx_cod_ab_tur,TR-D-11-007,1636
TR-11-008,district,Yenipazar,TR-11,,,,hdx_cod_ab_tur,TR-D-11-008,1857
TR-12-001,district,Adaklı,TR-12,,,,hdx_cod_ab_tur,TR-D-12-001,1750
TR-12-002,district,Bingöl,TR-12,,,,hdx_cod_ab_tur,TR-D-12-002,1193
TR-12-003,district,Genç,TR-12,,,,hdx_cod_ab_tur,TR-D-12-003,1344
TR-12-004,district,Karlıova,TR-12,,,,hdx_cod_ab_tur,TR-D-12-004,1446
TR-12-005,district,Kiğı,TR-12,,,,hdx_cod_ab_tur,TR-D-12-005,1475
TR-12-006,district,Solhan,TR-12,,,,hdx_cod_ab_tur,TR-D-12-006,1633
TR-12-007,district,Yayladere,TR-12,,,,hdx_cod_ab_tur,TR-D-12-007,1855
TR-12-008,district,Yedisu,TR-12,,,,hdx_cod_ab_tur,TR-D-12-008,1996
TR-13-001,district,Adilcevaz,TR-13,,,,hdx_cod_ab_tur,TR-D-13-001,1106
TR-13-002,district,Ahlat,TR-13,,,,hdx_cod_ab_tur,TR-D-13-002,1112
TR-13-003,district,Bitlis,TR-13,,,,hdx_cod_ab_tur,TR-D-13-003,1196
TR-13-004,district,Güroymak,TR-13,,,,hdx_cod_ab_tur,TR-D-13-004,1798
TR-13-005,district,Hizan,TR-13,,,,hdx_cod_ab_tur,TR-D-13-005,1394
TR-13-006,district,Mutki,TR-13,,,,hdx_cod_ab_tur,TR-D-13-006,1537
TR-13-007,district,Tatvan,TR-13,,,,hdx_cod_ab_tur,TR-D-13-007,1669
TR-14-001,district,Bolu,TR-14,,,,hdx_cod_ab_tur,TR-D-14-001,1199
TR-14-002,district,Dörtdivan,TR-14,,,,hdx_cod_ab_tur,TR-D-14-002,1916
TR-14-003,district,Gerede,TR-14,,,,hdx_cod_ab_tur,TR-D-14-003,1346
TR-14-004,district,Göynük,TR-14,,,,hdx_cod_ab_tur,TR-D-14-004,1364
TR-14-005,district,Kıbrıscık,TR-14,,,,hdx_cod_ab_tur,TR-D-14-005,1466
TR-14-006,district,Mengen,TR-14,,,,hdx_cod_ab_tur,TR-D-14-006,1522
TR-14-007,district,Mudurnu,TR-14,,,,hdx_cod_ab_tur,TR-D-14-007,1531
TR-14-008,district,Seben,TR-14,,,,hdx_cod_ab_tur,TR-D-14-008,1610
TR-14-009,district,Yeniçağa,TR-14,,,,hdx_cod_ab_tur,TR-D-14-009,1997
TR-15-001,district,Ağlasun,TR-15,,,,hdx_cod_ab_tur,TR-D-15-001,1109
TR-15-002,district,Altınyayla,TR-15,,,,hdx_cod_ab_tur,TR-D-15-002,1874
TR-15-003,district,Bucak,TR-15,,,,hdx_cod_ab_tur,TR-D-15-003,1211
TR-15-004,district,Burdur,TR-15,,,,hdx_cod_ab_tur,TR-D-15-004,1215
TR-15-005,district,Çavdır,TR-15,,,,hdx_cod_ab_tur,TR-D-15-005,1899
TR-15-006,district,Çeltikçi,TR-15,,,,hdx_cod_ab_tur,TR-D-15-006,1903
TR-15-007,district,Gölhisar,TR-15,,,,hdx_cod_ab_tur,TR-D-15-007,1357
TR-15-008,district,Karamanlı,TR-15,,,,hdx_cod_ab_tur,TR-D-15-008,1813
TR-15-009,district,Kemer,TR-15,,,,hdx_cod_ab_tur,TR-D-15-009,1816
TR-15-010,district,Tefenni,TR-15,,,,hdx_cod_ab_tur,TR-D-15-010,1672
TR-15-011,district,Yeşilova,TR-15,,,,hdx_cod_ab_tur,TR-D-15-011,1728
TR-16-001,district,Büyükorhan,TR-16,,,,hdx_cod_ab_tur,TR-D-16-001,1783
TR-16-002,district,Gemlik,TR-16,,,,hdx_cod_ab_tur,TR-D-16-002,1343
TR-16-003,district,Gürsu,TR-16,,,,hdx_cod_ab_tur,TR-D-16-003,1935
TR-16-004,district,Harmancık,TR-16,,,,hdx_cod_ab_tur,TR-D-16-004,1799
TR-16-005,district,İnegöl,TR-16,,,,hdx_cod_ab_tur,TR-D-16-005,1411
TR-16-006,district,İznik,TR-16,,,,hdx_cod_ab_tur,TR-D-16-006,1420
TR-16-007,district,Karacabey,TR-16,,,,hdx_cod_ab_tur,TR-D-16-007,1434
TR-16-008,district,Keles,TR-16,,,,hdx_cod_ab_tur,TR-D-16-008,1457
TR-16-009,district,Kestel,TR-16,,,,hdx_cod_ab_tur,TR-D-16-009,1960
TR-16-010,district,Mudanya,TR-16,,,,hdx_cod_ab_tur,TR-D-16-010,1530
TR-16-011,district,Mustafakemalpaşa,TR-16,,,,hdx_cod_ab_tur,TR-D-16-011,1535
TR-16-012,district,Nilüfer,TR-16,,,,hdx_cod_ab_tur,TR-D-16-012,1829
TR-16-013,district,Orhaneli,TR-16,,,,hdx_cod_ab_tur,TR-D-16-013,1553
TR-16-014,district,Orhangazi,TR-16,,,,hdx_cod_ab_tur,TR-D-16-014,1554
TR-16-015,district,Osmangazi,TR-16,,,,hdx_cod_ab_tur,TR-D-16-015,1832
TR-16-016,district,Yenişehir,TR-16,,,,hdx_cod_ab_tur,TR-D-16-016,1725
TR-16-017,district,Yıldırım,TR-16,,,,hdx_cod_ab_tur,TR-D-16-017,1859
TR-17-001,district,Ayvacık,TR-17,,,,hdx_cod_ab_tur,TR-D-17-001,1160
TR-17-002,district,Bayramiç,TR-17,,,,hdx_cod_ab_tur,TR-D-17-002,1180
TR-17-003,district,Biga,TR-17,,,,hdx_cod_ab_tur,TR-D-17-003,1190
TR-17-004,district,Bozcaada,TR-17,,,,hdx_cod_ab_tur,TR-D-17-004,1205
TR-17-005,district,Çan,TR-17,,,,hdx_cod_ab_tur,TR-D-17-005,1229
TR-17-006,district,Çanakkale,TR-17,,,,hdx_cod_ab_tur,TR-D-17-006,1230
TR-17-007,district,Eceabat,TR-17,,,,hdx_cod_ab_tur,TR-D-17-007,1293
TR-17-008,district,Ezine,TR-17,,,,hdx_cod_ab_tur,TR-D-17-008,1326
TR-17-009,district,Gelibolu,TR-17,,,,hdx_cod_ab_tur,TR-D-17-009,1340
TR-17-010,district,Gökçeada,TR-17,,,,hdx_cod_ab_tur,TR-D-17-010,1408
TR-17-011,district,Lâpseki,TR-17,,,,hdx_cod_ab_tur,TR-D-17-011,1503
TR-17-012,district,Yenice,TR-17,,,,hdx_cod_ab_tur,TR-D-17-012,1722
TR-18-001,district,Atkaracalar,TR-18,,,,hdx_cod_ab_tur,TR-D-18-001,1765
TR-18-002,district,Bayramören,TR-18,,,,hdx_cod_ab_tur,TR-D-18-002,1885
TR-18-003,district,Çankırı,TR-18,,,,hdx_cod_ab_tur,TR-D-18-003,1232
TR-18-004,district,Çerkeş,TR-18,,,,hdx_cod_ab_tur,TR-D-18-004,1248
TR-18-005,district,Eldivan,TR-18,,,,hdx_cod_ab_tur,TR-D-18-005,1300
TR-18-006,district,Ilgaz,TR-18,,,,hdx_cod_ab_tur,TR-D-18-006,1399
TR-18-007,district,Kızılırmak,TR-18,,,,hdx_cod_ab_tur,TR-D-18-007,1817
TR-18-008,district,Korgun,TR-18,,,,hdx_cod_ab_tur,TR-D-18-008,1963
TR-18-009,district,Kurşunlu,TR-18,,,,hdx_cod_ab_tur,TR-D-18-009,1494
TR-18-010,district,Orta,TR-18,,,,hdx_cod_ab_tur,TR-D-18-010,1555
TR-18-011,district,Şabanözü,TR-18,,,,hdx_cod_ab_tur,TR-D-18-011,1649
TR-18-012,district,Yapraklı,TR-18,,,,hdx_cod_ab_tur,TR-D-18-012,1718
TR-19-001,district,Alaca,TR-19,,,,hdx_cod_ab_tur,TR-D-19-001,1124
TR-19-002,district,Bayat,TR-19,,,,hdx_cod_ab_tur,TR-D-19-002,1177
TR-19-003,district,Boğazkale,TR-19,,,,hdx_cod_ab_tur,TR-D-19-003,1778
TR-19-004,district,Çorum,TR-19,,,,hdx_cod_ab_tur,TR-D-19-004,1259
TR-19-005,district,Dodurga,TR-19,,,,hdx_cod_ab_tur,TR-D-19-005,1911
TR-19-006,district,İskilip,TR-19,,,,hdx_cod_ab_tur,TR-D-19-006,1414
TR-19-007,district,Kargı,TR-19,,,,hdx_cod_ab_tur,TR-D-19-007,1445
TR-19-008,district,Lâçin,TR-19,,,,hdx_cod_ab_tur,TR-D-19-008,1972
TR-19-009,district,Mecitözü,TR-19,,,,hdx_cod_ab_tur,TR-D-19-009,1520
TR-19-010,district,Oğuzlar,TR-19,,,,hdx_cod_ab_tur,TR-D-19-010,1976
TR-19-011,district,Ortaköy,TR-19,,,,hdx_cod_ab_tur,TR-D-19-011,1556
TR-19-012,district,Osmancık,TR-19,,,,hdx_cod_ab_tur,TR-D-19-012,1558
TR-19-013,district,Sungurlu,TR-19,,,,hdx_cod_ab_tur,TR-D-19-013,1642
TR-19-014,district,Uğurludağ,TR-19,,,,hdx_cod_ab_tur,TR-D-19-014,1850
TR-20-001,district,Acıpayam,TR-20,,,,hdx_cod_ab_tur,TR-D-20-001,1102
TR-20-002,district,Babadağ,TR-20,,,,hdx_cod_ab_tur,TR-D-20-002,1769
TR-20-003,district,Baklan,TR-20,,,,hdx_cod_ab_tur,TR-D-20-003,1881
TR-20-004,district,Bekilli,TR-20,,,,hdx_cod_ab_tur,TR-D-20-004,1774
TR-20-005,district,Beyağaç,TR-20,,,,hdx_cod_ab_tur,TR-D-20-005,1888
TR-20-006,district,Bozkurt,TR-20,,,,hdx_cod_ab_tur,TR-D-20-006,1889
TR-20-007,district,Buldan,TR-20,,,,hdx_cod_ab_tur,TR-D-20-007,1214
TR-20-008,district,Çal,TR-20,,,,hdx_cod_ab_tur,TR-D-20-008,1224
TR-20-009,district,Çameli,TR-20,,,,hdx_cod_ab_tur,TR-D-20-009,1226
TR-20-010,district,Çardak,TR-20,,,,hdx_cod_ab_tur,TR-D-20-010,1233
TR-20-011,district,Çivril,TR-20,,,,hdx_cod_ab_tur,TR-D-20-011,1257
TR-20-012,district,Güney,TR-20,,,,hdx_cod_ab_tur,TR-D-20-012,1371
TR-20-013,district,Honaz,TR-20,,,,hdx_cod_ab_tur,TR-D-20-013,1803
TR-20-014,district,Kale,TR-20,,,,hdx_cod_ab_tur,TR-D-20-014,1426
TR-20-015,district,Merkezefendi,TR-20,2013,,observed,hdx_cod_ab_tur,TR-D-20-015,2079
TR-20-016,district,Pamukkale,TR-20,,,,hdx_cod_ab_tur,TR-D-20-016,1871
TR-20-017,district,Sarayköy,TR-20,,,,hdx_cod_ab_tur,TR-D-20-017,1597
TR-20-018,district,Serinhisar,TR-20,,,,hdx_cod_ab_tur,TR-D-20-018,1840
TR-20-019,district,Tavas,TR-20,,,,hdx_cod_ab_tur,TR-D-20-019,1670
TR-20-x1271,district,Merkez,TR-20,,2012,observed,tuik_medas,,1271
TR-21-001,district,Bağlar,TR-21,2008,,observed,hdx_cod_ab_tur,TR-D-21-001,2040
TR-21-002,district,Bismil,TR-21,,,,hdx_cod_ab_tur,TR-D-21-002,1195
TR-21-003,district,Çermik,TR-21,,,,hdx_cod_ab_tur,TR-D-21-003,1249
TR-21-004,district,Çınar,TR-21,,,,hdx_cod_ab_tur,TR-D-21-004,1253
TR-21-005,district,Çüngüş,TR-21,,,,hdx_cod_ab_tur,TR-D-21-005,1263
TR-21-006,district,Dicle,TR-21,,,,hdx_cod_ab_tur,TR-D-21-006,1278
TR-21-007,district,Eğil,TR-21,,,,hdx_cod_ab_tur,TR-D-21-007,1791
TR-21-008,district,Ergani,TR-21,,,,hdx_cod_ab_tur,TR-D-21-008,1315
TR-21-009,district,Hani,TR-21,,,,hdx_cod_ab_tur,TR-D-21-009,1381
TR-21-010,district,Hazro,TR-21,,,,hdx_cod_ab_tur,TR-D-21-010,1389
TR-21-011,district,Kayapınar,TR-21,2008,,observed,hdx_cod_ab_tur,TR-D-21-011,2041
TR-21-012,district,Kocaköy,TR-21,,,,hdx_cod_ab_tur,TR-D-21-012,1962
TR-21-013,district,Kulp,TR-21,,,,hdx_cod_ab_tur,TR-D-21-013,1490
TR-21-014,district,Lice,TR-21,,,,hdx_cod_ab_tur,TR-D-21-014,1504
TR-21-015,district,Silvan,TR-21,,,,hdx_cod_ab_tur,TR-D-21-015,1624
TR-21-016,district,Sur,TR-21,2008,,observed,hdx_cod_ab_tur,TR-D-21-016,2042
TR-21-017,district,Yenişehir,TR-21,2008,,observed,hdx_cod_ab_tur,TR-D-21-017,2043
TR-21-x1284,district,Merkez,TR-21,,2007,observed,tuik_medas,,1284
TR-22-001,district,Edirne,TR-22,,,,hdx_cod_ab_tur,TR-D-22-001,1295
TR-22-002,district,Enez,TR-22,,,,hdx_cod_ab_tur,TR-D-22-002,1307
TR-22-003,district,Havsa,TR-22,,,,hdx_cod_ab_tur,TR-D-22-003,1385
TR-22-004,district,İpsala,TR-22,,,,hdx_cod_ab_tur,TR-D-22-004,1412
TR-22-005,district,Keşan,TR-22,,,,hdx_cod_ab_tur,TR-D-22-005,1464
TR-22-006,district,Lalapaşa,TR-22,,,,hdx_cod_ab_tur,TR-D-22-006,1502
TR-22-007,district,Meriç,TR-22,,,,hdx_cod_ab_tur,TR-D-22-007,1523
TR-22-008,district,Süloğlu,TR-22,,,,hdx_cod_ab_tur,TR-D-22-008,1988
TR-22-009,district,Uzunköprü,TR-22,,,,hdx_cod_ab_tur,TR-D-22-009,1705
TR-23-001,district,Ağın,TR-23,,,,hdx_cod_ab_tur,TR-D-23-001,1110
TR-23-002,district,Alacakaya,TR-23,,,,hdx_cod_ab_tur,TR-D-23-002,1873
TR-23-003,district,Arıcak,TR-23,,,,hdx_cod_ab_tur,TR-D-23-003,1762
TR-23-004,district,Baskil,TR-23,,,,hdx_cod_ab_tur,TR-D-23-004,1173
TR-23-005,district,Elazığ,TR-23,,,,hdx_cod_ab_tur,TR-D-23-005,1298
TR-23-006,district,Karakoçan,TR-23,,,,hdx_cod_ab_tur,TR-D-23-006,1438
TR-23-007,district,Keban,TR-23,,,,hdx_cod_ab_tur,TR-D-23-007,1455
TR-23-008,district,Kovancılar,TR-23,,,,hdx_cod_ab_tur,TR-D-23-008,1820
TR-23-009,district,Maden,TR-23,,,,hdx_cod_ab_tur,TR-D-23-009,1506
TR-23-010,district,Palu,TR-23,,,,hdx_cod_ab_tur,TR-D-23-010,1566
TR-23-011,district,Sivrice,TR-23,,,,hdx_cod_ab_tur,TR-D-23-011,1631
TR-24-001,district,Çayırlı,TR-24,,,,hdx_cod_ab_tur,TR-D-24-001,1243
TR-24-002,district,Erzincan,TR-24,,,,hdx_cod_ab_tur,TR-D-24-002,1318
TR-24-003,district,İliç,TR-24,,,,hdx_cod_ab_tur,TR-D-24-003,1406
TR-24-004,district,Kemah,TR-24,,,,hdx_cod_ab_tur,TR-D-24-004,1459
TR-24-005,district,Kemaliye,TR-24,,,,hdx_cod_ab_tur,TR-D-24-005,1460
TR-24-006,district,Otlukbeli,TR-24,,,,hdx_cod_ab_tur,TR-D-24-006,1977
TR-24-007,district,Refahiye,TR-24,,,,hdx_cod_ab_tur,TR-D-24-007,1583
TR-24-008,district,Tercan,TR-24,,,,hdx_cod_ab_tur,TR-D-24-008,1675
TR-24-009,district,Üzümlü,TR-24,,,,hdx_cod_ab_tur,TR-D-24-009,1853
TR-25-001,district,Aşkale,TR-25,,,,hdx_cod_ab_tur,TR-D-25-001,1153
TR-25-002,district,Aziziye,TR-25,,,,hdx_cod_ab_tur,TR-D-25-002,1945
TR-25-003,district,Çat,TR-25,,,,hdx_cod_ab_tur,TR-D-25-003,1235
TR-25-004,district,Hınıs,TR-25,,,,hdx_cod_ab_tur,TR-D-25-004,1392
TR-25-005,district,Horasan,TR-25,,,,hdx_cod_ab_tur,TR-D-25-005,1396
TR-25-006,district,İspir,TR-25,,,,hdx_cod_ab_tur,TR-D-25-006,1416
TR-25-007,district,Karaçoban,TR-25,,,,hdx_cod_ab_tur,TR-D-25-007,1812
TR-25-008,district,Karayazı,TR-25,,,,hdx_cod_ab_tur,TR-D-25-008,1444
TR-25-009,district,Köprüköy,TR-25,,,,hdx_cod_ab_tur,TR-D-25-009,1967
TR-25-010,district,Narman,TR-25,,,,hdx_cod_ab_tur,TR-D-25-010,1540
TR-25-011,district,Oltu,TR-25,,,,hdx_cod_ab_tur,TR-D-25-011,1550
TR-25-012,district,Olur,TR-25,,,,hdx_cod_ab_tur,TR-D-25-012,1551
TR-25-013,district,Palandöken,TR-25,2008,,observed,hdx_cod_ab_tur,TR-D-25-013,2044
TR-25-014,district,Pasinler,TR-25,,,,hdx_cod_ab_tur,TR-D-25-014,1567
TR-25-015,district,Pazaryolu,TR-25,,,,hdx_cod_ab_tur,TR-D-25-015,1865
TR-25-016,district,Şenkaya,TR-25,,,,hdx_cod_ab_tur,TR-D-25-016,1657
TR-25-017,district,Tekman,TR-25,,,,hdx_cod_ab_tur,TR-D-25-017,1674
TR-25-018,district,Tortum,TR-25,,,,hdx_cod_ab_tur,TR-D-25-018,1683
TR-25-019,district,Uzundere,TR-25,,,,hdx_cod_ab_tur,TR-D-25-019,1851
TR-25-020,district,Yakutiye,TR-25,2008,,observed,hdx_cod_ab_tur,TR-D-25-020,2045
TR-25-x1319,district,Merkez,TR-25,,2007,observed,tuik_medas,,1319
TR-26-001,district,Alpu,TR-26,,,,hdx_cod_ab_tur,TR-D-26-001,1759
TR-26-002,district,Beylikova,TR-26,,,,hdx_cod_ab_tur,TR-D-26-002,1777
TR-26-003,district,Çifteler,TR-26,,,,hdx_cod_ab_tur,TR-D-26-003,1255
TR-26-004,district,Günyüzü,TR-26,,,,hdx_cod_ab_tur,TR-D-26-004,1934
TR-26-005,district,Han,TR-26,,,,hdx_cod_ab_tur,TR-D-26-005,1939
TR-26-006,district,İnönü,TR-26,,,,hdx_cod_ab_tur,TR-D-26-006,1808
TR-26-007,district,Mahmudiye,TR-26,,,,hdx_cod_ab_tur,TR-D-26-007,1508
TR-26-008,district,Mihalgazi,TR-26,,,,hdx_cod_ab_tur,TR-D-26-008,1973
TR-26-009,district,Mihalıççık,TR-26,,,,hdx_cod_ab_tur,TR-D-26-009,1527
TR-26-010,district,Odunpazarı,TR-26,2008,,observed,hdx_cod_ab_tur,TR-D-26-010,2046
TR-26-011,district,Sarıcakaya,TR-26,,,,hdx_cod_ab_tur,TR-D-26-011,1599
TR-26-012,district,Seyitgazi,TR-26,,,,hdx_cod_ab_tur,TR-D-26-012,1618
TR-26-013,district,Sivrihisar,TR-26,,,,hdx_cod_ab_tur,TR-D-26-013,1632
TR-26-014,district,Tepebaşı,TR-26,2008,,observed,hdx_cod_ab_tur,TR-D-26-014,2047
TR-26-x1322,district,Merkez,TR-26,,2007,observed,tuik_medas,,1322
TR-27-001,district,Araban,TR-27,,,,hdx_cod_ab_tur,TR-D-27-001,1139
TR-27-002,district,İslahiye,TR-27,,,,hdx_cod_ab_tur,TR-D-27-002,1415
TR-27-003,district,Karkamış,TR-27,,,,hdx_cod_ab_tur,TR-D-27-003,1956
TR-27-004,district,Nizip,TR-27,,,,hdx_cod_ab_tur,TR-D-27-004,1546
TR-27-005,district,Nurdağı,TR-27,,,,hdx_cod_ab_tur,TR-D-27-005,1974
TR-27-006,district,Oğuzeli,TR-27,,,,hdx_cod_ab_tur,TR-D-27-006,1549
TR-27-007,district,Şahinbey,TR-27,,,,hdx_cod_ab_tur,TR-D-27-007,1841
TR-27-008,district,Şehitkamil,TR-27,,,,hdx_cod_ab_tur,TR-D-27-008,1844
TR-27-009,district,Yavuzeli,TR-27,,,,hdx_cod_ab_tur,TR-D-27-009,1720
TR-28-001,district,Alucra,TR-28,,,,hdx_cod_ab_tur,TR-D-28-001,1133
TR-28-002,district,Bulancak,TR-28,,,,hdx_cod_ab_tur,TR-D-28-002,1212
TR-28-003,district,Çamoluk,TR-28,,,,hdx_cod_ab_tur,TR-D-28-003,1893
TR-28-004,district,Çanakçı,TR-28,,,,hdx_cod_ab_tur,TR-D-28-004,1894
TR-28-005,district,Dereli,TR-28,,,,hdx_cod_ab_tur,TR-D-28-005,1272
TR-28-006,district,Doğankent,TR-28,,,,hdx_cod_ab_tur,TR-D-28-006,1912
TR-28-007,district,Espiye,TR-28,,,,hdx_cod_ab_tur,TR-D-28-007,1320
TR-28-008,district,Eynesil,TR-28,,,,hdx_cod_ab_tur,TR-D-28-008,1324
TR-28-009,district,Giresun,TR-28,,,,hdx_cod_ab_tur,TR-D-28-009,1352
TR-28-010,district,Görele,TR-28,,,,hdx_cod_ab_tur,TR-D-28-010,1361
TR-28-011,district,Güce,TR-28,,,,hdx_cod_ab_tur,TR-D-28-011,1930
TR-28-012,district,Keşap,TR-28,,,,hdx_cod_ab_tur,TR-D-28-012,1465
TR-28-013,district,Piraziz,TR-28,,,,hdx_cod_ab_tur,TR-D-28-013,1837
TR-28-014,district,Şebinkarahisar,TR-28,,,,hdx_cod_ab_tur,TR-D-28-014,1654
TR-28-015,district,Tirebolu,TR-28,,,,hdx_cod_ab_tur,TR-D-28-015,1678
TR-28-016,district,Yağlıdere,TR-28,,,,hdx_cod_ab_tur,TR-D-28-016,1854
TR-29-001,district,Gümüşhane,TR-29,,,,hdx_cod_ab_tur,TR-D-29-001,1369
TR-29-002,district,Kelkit,TR-29,,,,hdx_cod_ab_tur,TR-D-29-002,1458
TR-29-003,district,Köse,TR-29,,,,hdx_cod_ab_tur,TR-D-29-003,1822
TR-29-004,district,Kürtün,TR-29,,,,hdx_cod_ab_tur,TR-D-29-004,1971
TR-29-005,district,Şiran,TR-29,,,,hdx_cod_ab_tur,TR-D-29-005,1660
TR-29-006,district,Torul,TR-29,,,,hdx_cod_ab_tur,TR-D-29-006,1684
TR-30-001,district,Çukurca,TR-30,,,,hdx_cod_ab_tur,TR-D-30-001,1261
TR-30-002,district,Hakkari,TR-30,,,,hdx_cod_ab_tur,TR-D-30-002,1377
TR-30-003,district,Şemdinli,TR-30,,,,hdx_cod_ab_tur,TR-D-30-003,1656
TR-30-004,district,Yüksekova,TR-30,,,,hdx_cod_ab_tur,TR-D-30-004,1737
TR-30-005,district,Derecik,TR-30,2018,,observed,hdx_cod_ab_tur,TR-D-30-005,2107
TR-31-001,district,Altınözü,TR-31,,,,hdx_cod_ab_tur,TR-D-31-001,1131
TR-31-002,district,Antakya,TR-31,2013,,observed,hdx_cod_ab_tur,TR-D-31-002,2080
TR-31-003,district,Arsuz,TR-31,2013,,observed,hdx_cod_ab_tur,TR-D-31-003,2081
TR-31-004,district,Belen,TR-31,,,,hdx_cod_ab_tur,TR-D-31-004,1887
TR-31-005,district,Defne,TR-31,2013,,observed,hdx_cod_ab_tur,TR-D-31-005,2082
TR-31-006,district,Dörtyol,TR-31,,,,hdx_cod_ab_tur,TR-D-31-006,1289
TR-31-007,district,Erzin,TR-31,,,,hdx_cod_ab_tur,TR-D-31-007,1792
TR-31-008,district,Hassa,TR-31,,,,hdx_cod_ab_tur,TR-D-31-008,1382
TR-31-009,district,İskenderun,TR-31,,,,hdx_cod_ab_tur,TR-D-31-009,1413
TR-31-010,district,Kırıkhan,TR-31,,,,hdx_cod_ab_tur,TR-D-31-010,1468
TR-31-011,district,Kumlu,TR-31,,,,hdx_cod_ab_tur,TR-D-31-011,1970
TR-31-012,district,Payas,TR-31,2013,,observed,hdx_cod_ab_tur,TR-D-31-012,2083
TR-31-013,district,Reyhanlı,TR-31,,,,hdx_cod_ab_tur,TR-D-31-013,1585
TR-31-014,district,Samandağ,TR-31,,,,hdx_cod_ab_tur,TR-D-31-014,1591
TR-31-015,district,Yayladağı,TR-31,,,,hdx_cod_ab_tur,TR-D-31-015,1721
TR-31-x1383,district,Merkez,TR-31,,2012,observed,tuik_medas,,1383
TR-32-001,district,Aksu,TR-32,,,,hdx_cod_ab_tur,TR-D-32-001,1755
TR-32-002,district,Atabey,TR-32,,,,hdx_cod_ab_tur,TR-D-32-002,1154
TR-32-003,district,Eğirdir,TR-32,,,,hdx_cod_ab_tur,TR-D-32-003,1297
TR-32-004,district,Gelendost,TR-32,,,,hdx_cod_ab_tur,TR-D-32-004,1341
TR-32-005,district,Gönen,TR-32,,,,hdx_cod_ab_tur,TR-D-32-005,1929
TR-32-006,district,Isparta,TR-32,,,,hdx_cod_ab_tur,TR-D-32-006,1401
TR-32-007,district,Keçiborlu,TR-32,,,,hdx_cod_ab_tur,TR-D-32-007,1456
TR-32-008,district,Senirkent,TR-32,,,,hdx_cod_ab_tur,TR-D-32-008,1615
TR-32-009,district,Sütçüler,TR-32,,,,hdx_cod_ab_tur,TR-D-32-009,1648
TR-32-010,district,Şarkikaraağaç,TR-32,,,,hdx_cod_ab_tur,TR-D-32-010,1651
TR-32-011,district,Uluborlu,TR-32,,,,hdx_cod_ab_tur,TR-D-32-011,1699
TR-32-012,district,Yalvaç,TR-32,,,,hdx_cod_ab_tur,TR-D-32-012,1717
TR-32-013,district,Yenişarbademli,TR-32,,,,hdx_cod_ab_tur,TR-D-32-013,2001
TR-33-001,district,Akdeniz,TR-33,2008,,observed,hdx_cod_ab_tur,TR-D-33-001,2064
TR-33-002,district,Anamur,TR-33,,,,hdx_cod_ab_tur,TR-D-33-002,1135
TR-33-003,district,Aydıncık,TR-33,,,,hdx_cod_ab_tur,TR-D-33-003,1766
TR-33-004,district,Bozyazı,TR-33,,,,hdx_cod_ab_tur,TR-D-33-004,1779
TR-33-005,district,Çamlıyayla,TR-33,,,,hdx_cod_ab_tur,TR-D-33-005,1892
TR-33-006,district,Erdemli,TR-33,,,,hdx_cod_ab_tur,TR-D-33-006,1311
TR-33-007,district,Gülnar,TR-33,,,,hdx_cod_ab_tur,TR-D-33-007,1366
TR-33-008,district,Mezitli,TR-33,2008,,observed,hdx_cod_ab_tur,TR-D-33-008,2065
TR-33-009,district,Mut,TR-33,,,,hdx_cod_ab_tur,TR-D-33-009,1536
TR-33-010,district,Silifke,TR-33,,,,hdx_cod_ab_tur,TR-D-33-010,1621
TR-33-011,district,Tarsus,TR-33,,,,hdx_cod_ab_tur,TR-D-33-011,1665
TR-33-012,district,Toroslar,TR-33,2008,,observed,hdx_cod_ab_tur,TR-D-33-012,2066
TR-33-013,district,Yenişehir,TR-33,2008,,observed,hdx_cod_ab_tur,TR-D-33-013,2067
TR-33-x1402,district,Merkez,TR-33,,2007,observed,tuik_medas,,1402
TR-34-001,district,Adalar,TR-34,,,,hdx_cod_ab_tur,TR-D-34-001,1103
TR-34-002,district,Arnavutköy,TR-34,2008,,observed,hdx_cod_ab_tur,TR-D-34-002,2048
TR-34-003,district,Ataşehir,TR-34,2008,,observed,hdx_cod_ab_tur,TR-D-34-003,2049
TR-34-004,district,Avcılar,TR-34,,,,hdx_cod_ab_tur,TR-D-34-004,2003
TR-34-005,district,Bağcılar,TR-34,,,,hdx_cod_ab_tur,TR-D-34-005,2004
TR-34-006,district,Bahçelievler,TR-34,,,,hdx_cod_ab_tur,TR-D-34-006,2005
TR-34-007,district,Bakırköy,TR-34,,,,hdx_cod_ab_tur,TR-D-34-007,1166
TR-34-008,district,Başakşehir,TR-34,2008,,observed,hdx_cod_ab_tur,TR-D-34-008,2050
TR-34-009,district,Bayrampaşa,TR-34,,,,hdx_cod_ab_tur,TR-D-34-009,1886
TR-34-010,district,Beşiktaş,TR-34,,,,hdx_cod_ab_tur,TR-D-34-010,1183
TR-34-011,district,Beykoz,TR-34,,,,hdx_cod_ab_tur,TR-D-34-011,1185
TR-34-012,district,Beylikdüzü,TR-34,2008,,observed,hdx_cod_ab_tur,TR-D-34-012,2051
TR-34-013,district,Beyoğlu,TR-34,,,,hdx_cod_ab_tur,TR-D-34-013,1186
TR-34-014,district,Büyükçekmece,TR-34,,,,hdx_cod_ab_tur,TR-D-34-014,1782
TR-34-015,district,Çatalca,TR-34,,,,hdx_cod_ab_tur,TR-D-34-015,1237
TR-34-016,district,Çekmeköy,TR-34,2008,,observed,hdx_cod_ab_tur,TR-D-34-016,2052
TR-34-017,district,Esenler,TR-34,,,,hdx_cod_ab_tur,TR-D-34-017,2016
TR-34-018,district,Esenyurt,TR-34,2008,,observed,hdx_cod_ab_tur,TR-D-34-018,2053
TR-34-019,district,Eyüpsultan,TR-34,2018,,observed,hdx_cod_ab_tur,TR-D-34-019,1325
TR-34-020,district,Fatih,TR-34,,,,hdx_cod_ab_tur,TR-D-34-020,1327
TR-34-021,district,Gazi Osmanpaşa,TR-34,,,,hdx_cod_ab_tur,TR-D-34-021,1336
TR-34-022,district,Güngören,TR-34,,,,hdx_cod_ab_tur,TR-D-34-022,2010
TR-34-023,district,Kadıköy,TR-34,,,,hdx_cod_ab_tur,TR-D-34-023,1421
TR-34-024,district,Kağıthane,TR-34,,,,hdx_cod_ab_tur,TR-D-34-024,1810
TR-34-025,district,Kartal,TR-34,,,,hdx_cod_ab_tur,TR-D-34-025,1449
TR-34-026,district,Küçükçekmece,TR-34,,,,hdx_cod_ab_tur,TR-D-34-026,1823
TR-34-027,district,Maltepe,TR-34,,,,hdx_cod_ab_tur,TR-D-34-027,2012
TR-34-028,district,Pendik,TR-34,,,,hdx_cod_ab_tur,TR-D-34-028,1835
TR-34-029,district,Sancaktepe,TR-34,2008,,observed,hdx_cod_ab_tur,TR-D-34-029,2054
TR-34-030,district,Sarıyer,TR-34,,,,hdx_cod_ab_tur,TR-D-34-030,1604
TR-34-031,district,Silivri,TR-34,,,,hdx_cod_ab_tur,TR-D-34-031,1622
TR-34-032,district,Sultanbeyli,TR-34,,,,hdx_cod_ab_tur,TR-D-34-032,2014
TR-34-033,district,Sultangazi,TR-34,2008,,observed,hdx_cod_ab_tur,TR-D-34-033,2055
TR-34-034,district,Şile,TR-34,,,,hdx_cod_ab_tur,TR-D-34-034,1659
TR-34-035,district,Şişli,TR-34,,,,hdx_cod_ab_tur,TR-D-34-035,1663
TR-34-036,district,Tuzla,TR-34,,,,hdx_cod_ab_tur,TR-D-34-036,2015
TR-34-037,district,Ümraniye,TR-34,,,,hdx_cod_ab_tur,TR-D-34-037,1852
TR-34-038,district,Üsküdar,TR-34,,,,hdx_cod_ab_tur,TR-D-34-038,1708
TR-34-039,district,Zeytinburnu,TR-34,,,,hdx_cod_ab_tur,TR-D-34-039,1739
TR-34-x1305,district,Eminönü,TR-34,,2007,observed,tuik_medas,,1305
TR-34-x1325,district,Eyüp,TR-34,,2017,observed,tuik_medas,,1325
TR-35-001,district,Aliağa,TR-35,,,,hdx_cod_ab_tur,TR-D-35-001,1128
TR-35-002,district,Balçova,TR-35,,,,hdx_cod_ab_tur,TR-D-35-002,2006
TR-35-003,district,Bayındır,TR-35,,,,hdx_cod_ab_tur,TR-D-35-003,1178
TR-35-004,district,Bayraklı,TR-35,2008,,observed,hdx_cod_ab_tur,TR-D-35-004,2056
TR-35-005,district,Bergama,TR-35,,,,hdx_cod_ab_tur,TR-D-35-005,1181
TR-35-006,district,Beydağ,TR-35,,,,hdx_cod_ab_tur,TR-D-35-006,1776
TR-35-007,district,Bornova,TR-35,,,,hdx_cod_ab_tur,TR-D-35-007,1203
TR-35-008,district,Buca,TR-35,,,,hdx_cod_ab_tur,TR-D-35-008,1780
TR-35-009,district,Çeşme,TR-35,,,,hdx_cod_ab_tur,TR-D-35-009,1251
TR-35-010,district,Çiğli,TR-35,,,,hdx_cod_ab_tur,TR-D-35-010,2007
TR-35-011,district,Dikili,TR-35,,,,hdx_cod_ab_tur,TR-D-35-011,1280
TR-35-012,district,Foça,TR-35,,,,hdx_cod_ab_tur,TR-D-35-012,1334
TR-35-013,district,Gaziemir,TR-35,,,,hdx_cod_ab_tur,TR-D-35-013,2009
TR-35-014,district,Güzelbahçe,TR-35,,,,hdx_cod_ab_tur,TR-D-35-014,2018
TR-35-015,district,Karabağlar,TR-35,2008,,observed,hdx_cod_ab_tur,TR-D-35-015,2057
TR-35-016,district,Karaburun,TR-35,,,,hdx_cod_ab_tur,TR-D-35-016,1432
TR-35-017,district,Karşıyaka,TR-35,,,,hdx_cod_ab_tur,TR-D-35-017,1448
TR-35-018,district,Kemalpaşa,TR-35,,,,hdx_cod_ab_tur,TR-D-35-018,1461
TR-35-019,district,Kınık,TR-35,,,,hdx_cod_ab_tur,TR-D-35-019,1467
TR-35-020,district,Kiraz,TR-35,,,,hdx_cod_ab_tur,TR-D-35-020,1477
TR-35-021,district,Konak,TR-35,,,,hdx_cod_ab_tur,TR-D-35-021,1819
TR-35-022,district,Menderes,TR-35,,,,hdx_cod_ab_tur,TR-D-35-022,1826
TR-35-023,district,Menemen,TR-35,,,,hdx_cod_ab_tur,TR-D-35-023,1521
TR-35-024,district,Narlıdere,TR-35,,,,hdx_cod_ab_tur,TR-D-35-024,2013
TR-35-025,district,Ödemiş,TR-35,,,,hdx_cod_ab_tur,TR-D-35-025,1563
TR-35-026,district,Seferihisar,TR-35,,,,hdx_cod_ab_tur,TR-D-35-026,1611
TR-35-027,district,Selçuk,TR-35,,,,hdx_cod_ab_tur,TR-D-35-027,1612
TR-35-028,district,Tire,TR-35,,,,hdx_cod_ab_tur,TR-D-35-028,1677
TR-35-029,district,Torbalı,TR-35,,,,hdx_cod_ab_tur,TR-D-35-029,1682
TR-35-030,district,Urla,TR-35,,,,hdx_cod_ab_tur,TR-D-35-030,1703
TR-36-001,district,Akyaka,TR-36,,,,hdx_cod_ab_tur,TR-D-36-001,1756
TR-36-002,district,Arpaçay,TR-36,,,,hdx_cod_ab_tur,TR-D-36-002,1149
TR-36-003,district,Digor,TR-36,,,,hdx_cod_ab_tur,TR-D-36-003,1279
TR-36-004,district,Kağızman,TR-36,,,,hdx_cod_ab_tur,TR-D-36-004,1424
TR-36-005,district,Kars,TR-36,,,,hdx_cod_ab_tur,TR-D-36-005,1447
TR-36-006,district,Sarıkamış,TR-36,,,,hdx_cod_ab_tur,TR-D-36-006,1601
TR-36-007,district,Selim,TR-36,,,,hdx_cod_ab_tur,TR-D-36-007,1614
TR-36-008,district,Susuz,TR-36,,,,hdx_cod_ab_tur,TR-D-36-008,1645
TR-37-001,district,Abana,TR-37,,,,hdx_cod_ab_tur,TR-D-37-001,1101
TR-37-002,district,Ağlı,TR-37,,,,hdx_cod_ab_tur,TR-D-37-002,1867
TR-37-003,district,Araç,TR-37,,,,hdx_cod_ab_tur,TR-D-37-003,1140
TR-37-004,district,Azdavay,TR-37,,,,hdx_cod_ab_tur,TR-D-37-004,1162
TR-37-005,district,Bozkurt,TR-37,,,,hdx_cod_ab_tur,TR-D-37-005,1208
TR-37-006,district,Cide,TR-37,,,,hdx_cod_ab_tur,TR-D-37-006,1221
TR-37-007,district,Çatalzeytin,TR-37,,,,hdx_cod_ab_tur,TR-D-37-007,1238
TR-37-008,district,Daday,TR-37,,,,hdx_cod_ab_tur,TR-D-37-008,1264
TR-37-009,district,Devrekâni,TR-37,,,,hdx_cod_ab_tur,TR-D-37-009,1277
TR-37-010,district,Doğanyurt,TR-37,,,,hdx_cod_ab_tur,TR-D-37-010,1915
TR-37-011,district,Hanönü,TR-37,,,,hdx_cod_ab_tur,TR-D-37-011,1940
TR-37-012,district,İhsangazi,TR-37,,,,hdx_cod_ab_tur,TR-D-37-012,1805
TR-37-013,district,İnebolu,TR-37,,,,hdx_cod_ab_tur,TR-D-37-013,1410
TR-37-014,district,Kastamonu,TR-37,,,,hdx_cod_ab_tur,TR-D-37-014,1450
TR-37-015,district,Küre,TR-37,,,,hdx_cod_ab_tur,TR-D-37-015,1499
TR-37-016,district,Pınarbaşı,TR-37,,,,hdx_cod_ab_tur,TR-D-37-016,1836
TR-37-017,district,Seydiler,TR-37,,,,hdx_cod_ab_tur,TR-D-37-017,1984
TR-37-018,district,Şenpazar,TR-37,,,,hdx_cod_ab_tur,TR-D-37-018,1845
TR-37-019,district,Taşköprü,TR-37,,,,hdx_cod_ab_tur,TR-D-37-019,1666
TR-37-020,district,Tosya,TR-37,,,,hdx_cod_ab_tur,TR-D-37-020,1685
TR-38-001,district,Akkışla,TR-38,,,,hdx_cod_ab_tur,TR-D-38-001,1752
TR-38-002,district,Bünyan,TR-38,,,,hdx_cod_ab_tur,TR-D-38-002,1218
TR-38-003,district,Develi,TR-38,,,,hdx_cod_ab_tur,TR-D-38-003,1275
TR-38-004,district,Felahiye,TR-38,,,,hdx_cod_ab_tur,TR-D-38-004,1330
TR-38-005,district,Hacılar,TR-38,,,,hdx_cod_ab_tur,TR-D-38-005,1936
TR-38-006,district,İncesu,TR-38,,,,hdx_cod_ab_tur,TR-D-38-006,1409
TR-38-007,district,Kocasinan,TR-38,,,,hdx_cod_ab_tur,TR-D-38-007,1863
TR-38-008,district,Melikgazi,TR-38,,,,hdx_cod_ab_tur,TR-D-38-008,1864
TR-38-009,district,Özvatan,TR-38,,,,hdx_cod_ab_tur,TR-D-38-009,1978
TR-38-010,district,Pınarbaşı,TR-38,,,,hdx_cod_ab_tur,TR-D-38-010,1576
TR-38-011,district,Sarıoğlan,TR-38,,,,hdx_cod_ab_tur,TR-D-38-011,1603
TR-38-012,district,Sarız,TR-38,,,,hdx_cod_ab_tur,TR-D-38-012,1605
TR-38-013,district,Talas,TR-38,,,,hdx_cod_ab_tur,TR-D-38-013,1846
TR-38-014,district,Tomarza,TR-38,,,,hdx_cod_ab_tur,TR-D-38-014,1680
TR-38-015,district,Yahyalı,TR-38,,,,hdx_cod_ab_tur,TR-D-38-015,1715
TR-38-016,district,Yeşilhisar,TR-38,,,,hdx_cod_ab_tur,TR-D-38-016,1727
TR-39-001,district,Babaeski,TR-39,,,,hdx_cod_ab_tur,TR-D-39-001,1163
TR-39-002,district,Demirköy,TR-39,,,,hdx_cod_ab_tur,TR-D-39-002,1270
TR-39-003,district,Kırklareli,TR-39,,,,hdx_cod_ab_tur,TR-D-39-003,1471
TR-39-004,district,Kofçaz,TR-39,,,,hdx_cod_ab_tur,TR-D-39-004,1480
TR-39-005,district,Lüleburgaz,TR-39,,,,hdx_cod_ab_tur,TR-D-39-005,1505
TR-39-006,district,Pehlivanköy,TR-39,,,,hdx_cod_ab_tur,TR-D-39-006,1572
TR-39-007,district,Pınarhisar,TR-39,,,,hdx_cod_ab_tur,TR-D-39-007,1577
TR-39-008,district,Vize,TR-39,,,,hdx_cod_ab_tur,TR-D-39-008,1714
TR-40-001,district,Akçakent,TR-40,,,,hdx_cod_ab_tur,TR-D-40-001,1869
TR-40-002,district,Akpınar,TR-40,,,,hdx_cod_ab_tur,TR-D-40-002,1754
TR-40-003,district,Boztepe,TR-40,,,,hdx_cod_ab_tur,TR-D-40-003,1890
TR-40-004,district,Çiçekdağı,TR-40,,,,hdx_cod_ab_tur,TR-D-40-004,1254
TR-40-005,district,Kaman,TR-40,,,,hdx_cod_ab_tur,TR-D-40-005,1429
TR-40-006,district,Kırşehir,TR-40,,,,hdx_cod_ab_tur,TR-D-40-006,1472
TR-40-007,district,Mucur,TR-40,,,,hdx_cod_ab_tur,TR-D-40-007,1529
TR-41-001,district,Başiskele,TR-41,2008,,observed,hdx_cod_ab_tur,TR-D-41-001,2058
TR-41-002,district,Çayırova,TR-41,2008,,observed,hdx_cod_ab_tur,TR-D-41-002,2059
TR-41-003,district,Darıca,TR-41,2008,,observed,hdx_cod_ab_tur,TR-D-41-003,2060
TR-41-004,district,Derince,TR-41,,,,hdx_cod_ab_tur,TR-D-41-004,2030
TR-41-005,district,Dilovası,TR-41,2008,,observed,hdx_cod_ab_tur,TR-D-41-005,2061
TR-41-006,district,Gebze,TR-41,,,,hdx_cod_ab_tur,TR-D-41-006,1338
TR-41-007,district,Gölcük,TR-41,,,,hdx_cod_ab_tur,TR-D-41-007,1355
TR-41-008,district,İzmit,TR-41,2008,,observed,hdx_cod_ab_tur,TR-D-41-008,2062
TR-41-009,district,Kandıra,TR-41,,,,hdx_cod_ab_tur,TR-D-41-009,1430
TR-41-010,district,Karamürsel,TR-41,,,,hdx_cod_ab_tur,TR-D-41-010,1440
TR-41-011,district,Kartepe,TR-41,2008,,observed,hdx_cod_ab_tur,TR-D-41-011,2063
TR-41-012,district,Körfez,TR-41,,,,hdx_cod_ab_tur,TR-D-41-012,1821
TR-41-x1478,district,Merkez,TR-41,,2007,observed,tuik_medas,,1478
TR-42-001,district,Ahırlı,TR-42,,,,hdx_cod_ab_tur,TR-D-42-001,1868
TR-42-002,district,Akören,TR-42,,,,hdx_cod_ab_tur,TR-D-42-002,1753
TR-42-003,district,Akşehir,TR-42,,,,hdx_cod_ab_tur,TR-D-42-003,1122
TR-42-004,district,Altınekin,TR-42,,,,hdx_cod_ab_tur,TR-D-42-004,1760
TR-42-005,district,Beyşehir,TR-42,,,,hdx_cod_ab_tur,TR-D-42-005,1188
TR-42-006,district,Bozkır,TR-42,,,,hdx_cod_ab_tur,TR-D-42-006,1207
TR-42-007,district,Cihanbeyli,TR-42,,,,hdx_cod_ab_tur,TR-D-42-007,1222
TR-42-008,district,Çeltik,TR-42,,,,hdx_cod_ab_tur,TR-D-42-008,1902
TR-42-009,district,Çumra,TR-42,,,,hdx_cod_ab_tur,TR-D-42-009,1262
TR-42-010,district,Derbent,TR-42,,,,hdx_cod_ab_tur,TR-D-42-010,1907
TR-42-011,district,Derebucak,TR-42,,,,hdx_cod_ab_tur,TR-D-42-011,1789
TR-42-012,district,Doğanhisar,TR-42,,,,hdx_cod_ab_tur,TR-D-42-012,1285
TR-42-013,district,Emirgazi,TR-42,,,,hdx_cod_ab_tur,TR-D-42-013,1920
TR-42-014,district,Ereğli,TR-42,,,,hdx_cod_ab_tur,TR-D-42-014,1312
TR-42-015,district,Güneysınır,TR-42,,,,hdx_cod_ab_tur,TR-D-42-015,1933
TR-42-016,district,Hadim,TR-42,,,,hdx_cod_ab_tur,TR-D-42-016,1375
TR-42-017,district,Halkapınar,TR-42,,,,hdx_cod_ab_tur,TR-D-42-017,1937
TR-42-018,district,Hüyük,TR-42,,,,hdx_cod_ab_tur,TR-D-42-018,1804
TR-42-019,district,Ilgın,TR-42,,,,hdx_cod_ab_tur,TR-D-42-019,1400
TR-42-020,district,Kadınhanı,TR-42,,,,hdx_cod_ab_tur,TR-D-42-020,1422
TR-42-021,district,Karapınar,TR-42,,,,hdx_cod_ab_tur,TR-D-42-021,1441
TR-42-022,district,Karatay,TR-42,,,,hdx_cod_ab_tur,TR-D-42-022,1814
TR-42-023,district,Kulu,TR-42,,,,hdx_cod_ab_tur,TR-D-42-023,1491
TR-42-024,district,Meram,TR-42,,,,hdx_cod_ab_tur,TR-D-42-024,1827
TR-42-025,district,Sarayönü,TR-42,,,,hdx_cod_ab_tur,TR-D-42-025,1598
TR-42-026,district,Selçuklu,TR-42,,,,hdx_cod_ab_tur,TR-D-42-026,1839
TR-42-027,district,Seydişehir,TR-42,,,,hdx_cod_ab_tur,TR-D-42-027,1617
TR-42-028,district,Taşkent,TR-42,,,,hdx_cod_ab_tur,TR-D-42-028,1848
TR-42-029,district,Tuzlukçu,TR-42,,,,hdx_cod_ab_tur,TR-D-42-029,1990
TR-42-030,district,Yalıhüyük,TR-42,,,,hdx_cod_ab_tur,TR-D-42-030,1994
TR-42-031,district,Yunak,TR-42,,,,hdx_cod_ab_tur,TR-D-42-031,1735
TR-43-001,district,Altıntaş,TR-43,,,,hdx_cod_ab_tur,TR-D-43-001,1132
TR-43-002,district,Aslanapa,TR-43,,,,hdx_cod_ab_tur,TR-D-43-002,1764
TR-43-003,district,Çavdarhisar,TR-43,,,,hdx_cod_ab_tur,TR-D-43-003,1898
TR-43-004,district,Domaniç,TR-43,,,,hdx_cod_ab_tur,TR-D-43-004,1288
TR-43-005,district,Dumlupınar,TR-43,,,,hdx_cod_ab_tur,TR-D-43-005,1790
TR-43-006,district,Emet,TR-43,,,,hdx_cod_ab_tur,TR-D-43-006,1304
TR-43-007,district,Gediz,TR-43,,,,hdx_cod_ab_tur,TR-D-43-007,1339
TR-43-008,district,Hisarcık,TR-43,,,,hdx_cod_ab_tur,TR-D-43-008,1802
TR-43-009,district,Kütahya,TR-43,,,,hdx_cod_ab_tur,TR-D-43-009,1500
TR-43-010,district,Pazarlar,TR-43,,,,hdx_cod_ab_tur,TR-D-43-010,1979
TR-43-011,district,Simav,TR-43,,,,hdx_cod_ab_tur,TR-D-43-011,1625
TR-43-012,district,Şaphane,TR-43,,,,hdx_cod_ab_tur,TR-D-43-012,1843
TR-43-013,district,Tavşanlı,TR-43,,,,hdx_cod_ab_tur,TR-D-43-013,1671
TR-44-001,district,Akçadağ,TR-44,,,,hdx_cod_ab_tur,TR-D-44-001,1114
TR-44-002,district,Arapgir,TR-44,,,,hdx_cod_ab_tur,TR-D-44-002,1143
TR-44-003,district,Arguvan,TR-44,,,,hdx_cod_ab_tur,TR-D-44-003,1148
TR-44-004,district,Battalgazi,TR-44,,,,hdx_cod_ab_tur,TR-D-44-004,1772
TR-44-005,district,Darende,TR-44,,,,hdx_cod_ab_tur,TR-D-44-005,1265
TR-44-006,district,Doğanşehir,TR-44,,,,hdx_cod_ab_tur,TR-D-44-006,1286
TR-44-007,district,Doğanyol,TR-44,,,,hdx_cod_ab_tur,TR-D-44-007,1914
TR-44-008,district,Hekimhan,TR-44,,,,hdx_cod_ab_tur,TR-D-44-008,1390
TR-44-009,district,Kale,TR-44,,,,hdx_cod_ab_tur,TR-D-44-009,1953
TR-44-010,district,Kuluncak,TR-44,,,,hdx_cod_ab_tur,TR-D-44-010,1969
TR-44-011,district,Pütürge,TR-44,,,,hdx_cod_ab_tur,TR-D-44-011,1582
TR-44-012,district,Yazıhan,TR-44,,,,hdx_cod_ab_tur,TR-D-44-012,1995
TR-44-013,district,Yeşilyurt,TR-44,,,,hdx_cod_ab_tur,TR-D-44-013,1729
TR-44-x1509,district,Merkez,TR-44,,2012,observed,tuik_medas,,1509
TR-45-001,district,Ahmetli,TR-45,,,,hdx_cod_ab_tur,TR-D-45-001,1751
TR-45-002,district,Akhisar,TR-45,,,,hdx_cod_ab_tur,TR-D-45-002,1118
TR-45-003,district,Alaşehir,TR-45,,,,hdx_cod_ab_tur,TR-D-45-003,1127
TR-45-004,district,Demirci,TR-45,,,,hdx_cod_ab_tur,TR-D-45-004,1269
TR-45-005,district,Gölmarmara,TR-45,,,,hdx_cod_ab_tur,TR-D-45-005,1793
TR-45-006,district,Gördes,TR-45,,,,hdx_cod_ab_tur,TR-D-45-006,1362
TR-45-007,district,Kırkağaç,TR-45,,,,hdx_cod_ab_tur,TR-D-45-007,1470
TR-45-008,district,Köprübaşı,TR-45,,,,hdx_cod_ab_tur,TR-D-45-008,1965
TR-45-009,district,Kula,TR-45,,,,hdx_cod_ab_tur,TR-D-45-009,1489
TR-45-010,district,Salihli,TR-45,,,,hdx_cod_ab_tur,TR-D-45-010,1590
TR-45-011,district,Sarıgöl,TR-45,,,,hdx_cod_ab_tur,TR-D-45-011,1600
TR-45-012,district,Saruhanlı,TR-45,,,,hdx_cod_ab_tur,TR-D-45-012,1606
TR-45-013,district,Selendi,TR-45,,,,hdx_cod_ab_tur,TR-D-45-013,1613
TR-45-014,district,Soma,TR-45,,,,hdx_cod_ab_tur,TR-D-45-014,1634
TR-45-015,district,Şehzadeler,TR-45,2013,,observed,hdx_cod_ab_tur,TR-D-45-015,2086
TR-45-016,district,Turgutlu,TR-45,,,,hdx_cod_ab_tur,TR-D-45-016,1689
TR-45-017,district,Yunusemre,TR-45,2013,,observed,hdx_cod_ab_tur,TR-D-45-017,2087
TR-45-x1513,district,Merkez,TR-45,,2012,observed,tuik_medas,,1513
TR-46-001,district,Afşin,TR-46,,,,hdx_cod_ab_tur,TR-D-46-001,1107
TR-46-002,district,Andırın,TR-46,,,,hdx_cod_ab_tur,TR-D-46-002,1136
TR-46-003,district,Çağlayancerit,TR-46,,,,hdx_cod_ab_tur,TR-D-46-003,1785
TR-46-004,district,Dulkadiroğlu,TR-46,2013,,observed,hdx_cod_ab_tur,TR-D-46-004,2084
TR-46-005,district,Ekinözü,TR-46,,,,hdx_cod_ab_tur,TR-D-46-005,1919
TR-46-006,district,Elbistan,TR-46,,,,hdx_cod_ab_tur,TR-D-46-006,1299
TR-46-007,district,Göksun,TR-46,,,,hdx_cod_ab_tur,TR-D-46-007,1353
TR-46-008,district,Nurhak,TR-46,,,,hdx_cod_ab_tur,TR-D-46-008,1975
TR-46-009,district,Oniki Şubat,TR-46,2013,,observed,hdx_cod_ab_tur,TR-D-46-009,2085
TR-46-010,district,Pazarcık,TR-46,,,,hdx_cod_ab_tur,TR-D-46-010,1570
TR-46-011,district,Türkoğlu,TR-46,,,,hdx_cod_ab_tur,TR-D-46-011,1694
TR-46-x1515,district,Merkez,TR-46,,2012,observed,tuik_medas,,1515
TR-47-001,district,Artuklu,TR-47,2013,,observed,hdx_cod_ab_tur,TR-D-47-001,2088
TR-47-002,district,Dargeçit,TR-47,,,,hdx_cod_ab_tur,TR-D-47-002,1787
TR-47-003,district,Derik,TR-47,,,,hdx_cod_ab_tur,TR-D-47-003,1273
TR-47-004,district,Kızıltepe,TR-47,,,,hdx_cod_ab_tur,TR-D-47-004,1474
TR-47-005,district,Mazıdağı,TR-47,,,,hdx_cod_ab_tur,TR-D-47-005,1519
TR-47-006,district,Midyat,TR-47,,,,hdx_cod_ab_tur,TR-D-47-006,1526
TR-47-007,district,Nusaybin,TR-47,,,,hdx_cod_ab_tur,TR-D-47-007,1547
TR-47-008,district,Ömerli,TR-47,,,,hdx_cod_ab_tur,TR-D-47-008,1564
TR-47-009,district,Savur,TR-47,,,,hdx_cod_ab_tur,TR-D-47-009,1609
TR-47-010,district,Yeşilli,TR-47,,,,hdx_cod_ab_tur,TR-D-47-010,2002
TR-47-x1516,district,Merkez,TR-47,,2012,observed,tuik_medas,,1516
TR-48-001,district,Bodrum,TR-48,,,,hdx_cod_ab_tur,TR-D-48-001,1197
TR-48-002,district,Dalaman,TR-48,,,,hdx_cod_ab_tur,TR-D-48-002,1742
TR-48-003,district,Datça,TR-48,,,,hdx_cod_ab_tur,TR-D-48-003,1266
TR-48-004,district,Fethiye,TR-48,,,,hdx_cod_ab_tur,TR-D-48-004,1331
TR-48-005,district,Kavaklıdere,TR-48,,,,hdx_cod_ab_tur,TR-D-48-005,1958
TR-48-006,district,Köyceğiz,TR-48,,,,hdx_cod_ab_tur,TR-D-48-006,1488
TR-48-007,district,Marmaris,TR-48,,,,hdx_cod_ab_tur,TR-D-48-007,1517
TR-48-008,district,Menteşe,TR-48,2013,,observed,hdx_cod_ab_tur,TR-D-48-008,2089
TR-48-009,district,Milas,TR-48,,,,hdx_cod_ab_tur,TR-D-48-009,1528
TR-48-010,district,Ortaca,TR-48,,,,hdx_cod_ab_tur,TR-D-48-010,1831
TR-48-011,district,Seydikemer,TR-48,2013,,observed,hdx_cod_ab_tur,TR-D-48-011,2090
TR-48-012,district,Ula,TR-48,,,,hdx_cod_ab_tur,TR-D-48-012,1695
TR-48-013,district,Yatağan,TR-48,,,,hdx_cod_ab_tur,TR-D-48-013,1719
TR-48-x1532,district,Merkez,TR-48,,2012,observed,tuik_medas,,1532
TR-49-001,district,Bulanık,TR-49,,,,hdx_cod_ab_tur,TR-D-49-001,1213
TR-49-002,district,Hasköy,TR-49,,,,hdx_cod_ab_tur,TR-D-49-002,1801
TR-49-003,district,Korkut,TR-49,,,,hdx_cod_ab_tur,TR-D-49-003,1964
TR-49-004,district,Malazgirt,TR-49,,,,hdx_cod_ab_tur,TR-D-49-004,1510
TR-49-005,district,Muş,TR-49,,,,hdx_cod_ab_tur,TR-D-49-005,1534
TR-49-006,district,Varto,TR-49,,,,hdx_cod_ab_tur,TR-D-49-006,1711
TR-50-001,district,Acıgöl,TR-50,,,,hdx_cod_ab_tur,TR-D-50-001,1749
TR-50-002,district,Avanos,TR-50,,,,hdx_cod_ab_tur,TR-D-50-002,1155
TR-50-003,district,Derinkuyu,TR-50,,,,hdx_cod_ab_tur,TR-D-50-003,1274
TR-50-004,district,Gülşehir,TR-50,,,,hdx_cod_ab_tur,TR-D-50-004,1367
TR-50-005,district,Hacıbektaş,TR-50,,,,hdx_cod_ab_tur,TR-D-50-005,1374
TR-50-006,district,Kozaklı,TR-50,,,,hdx_cod_ab_tur,TR-D-50-006,1485
TR-50-007,district,Nevşehir,TR-50,,,,hdx_cod_ab_tur,TR-D-50-007,1543
TR-50-008,district,Ürgüp,TR-50,,,,hdx_cod_ab_tur,TR-D-50-008,1707
TR-51-001,district,Altunhisar,TR-51,,,,hdx_cod_ab_tur,TR-D-51-001,1876
TR-51-002,district,Bor,TR-51,,,,hdx_cod_ab_tur,TR-D-51-002,1201
TR-51-003,district,Çamardı,TR-51,,,,hdx_cod_ab_tur,TR-D-51-003,1225
TR-51-004,district,Çiftlik,TR-51,,,,hdx_cod_ab_tur,TR-D-51-004,1904
TR-51-005,district,Niğde,TR-51,,,,hdx_cod_ab_tur,TR-D-51-005,1544
TR-51-006,district,Ulukışla,TR-51,,,,hdx_cod_ab_tur,TR-D-51-006,1700
TR-52-001,district,Akkuş,TR-52,,,,hdx_cod_ab_tur,TR-D-52-001,1119
TR-52-002,district,Altınordu,TR-52,2013,,observed,hdx_cod_ab_tur,TR-D-52-002,2103
TR-52-003,district,Aybastı,TR-52,,,,hdx_cod_ab_tur,TR-D-52-003,1158
TR-52-004,district,Çamaş,TR-52,,,,hdx_cod_ab_tur,TR-D-52-004,1891
TR-52-005,district,Çatalpınar,TR-52,,,,hdx_cod_ab_tur,TR-D-52-005,1897
TR-52-006,district,Çaybaşı,TR-52,,,,hdx_cod_ab_tur,TR-D-52-006,1900
TR-52-007,district,Fatsa,TR-52,,,,hdx_cod_ab_tur,TR-D-52-007,1328
TR-52-008,district,Gölköy,TR-52,,,,hdx_cod_ab_tur,TR-D-52-008,1358
TR-52-009,district,Gülyalı,TR-52,,,,hdx_cod_ab_tur,TR-D-52-009,1795
TR-52-010,district,Gürgentepe,TR-52,,,,hdx_cod_ab_tur,TR-D-52-010,1797
TR-52-011,district,İkizce,TR-52,,,,hdx_cod_ab_tur,TR-D-52-011,1947
TR-52-012,district,Kabadüz,TR-52,,,,hdx_cod_ab_tur,TR-D-52-012,1950
TR-52-013,district,Kabataş,TR-52,,,,hdx_cod_ab_tur,TR-D-52-013,1951
TR-52-014,district,Korgan,TR-52,,,,hdx_cod_ab_tur,TR-D-52-014,1482
TR-52-015,district,Kumru,TR-52,,,,hdx_cod_ab_tur,TR-D-52-015,1493
TR-52-016,district,Mesudiye,TR-52,,,,hdx_cod_ab_tur,TR-D-52-016,1525
TR-52-017,district,Perşembe,TR-52,,,,hdx_cod_ab_tur,TR-D-52-017,1573
TR-52-018,district,Ulubey,TR-52,,,,hdx_cod_ab_tur,TR-D-52-018,1696
TR-52-019,district,Ünye,TR-52,,,,hdx_cod_ab_tur,TR-D-52-019,1706
TR-52-x1552,district,Merkez,TR-52,,2012,observed,tuik_medas,,1552
TR-53-001,district,Ardeşen,TR-53,,,,hdx_cod_ab_tur,TR-D-53-001,1146
TR-53-002,district,Çamlıhemşin,TR-53,,,,hdx_cod_ab_tur,TR-D-53-002,1228
TR-53-003,district,Çayeli,TR-53,,,,hdx_cod_ab_tur,TR-D-53-003,1241
TR-53-004,district,Derepazarı,TR-53,,,,hdx_cod_ab_tur,TR-D-53-004,1908
TR-53-005,district,Fındıklı,TR-53,,,,hdx_cod_ab_tur,TR-D-53-005,1332
TR-53-006,district,Güneysu,TR-53,,,,hdx_cod_ab_tur,TR-D-53-006,1796
TR-53-007,district,Hemşin,TR-53,,,,hdx_cod_ab_tur,TR-D-53-007,1943
TR-53-008,district,İkizdere,TR-53,,,,hdx_cod_ab_tur,TR-D-53-008,1405
TR-53-009,district,İyidere,TR-53,,,,hdx_cod_ab_tur,TR-D-53-009,1949
TR-53-010,district,Kalkandere,TR-53,,,,hdx_cod_ab_tur,TR-D-53-010,1428
TR-53-011,district,Pazar,TR-53,,,,hdx_cod_ab_tur,TR-D-53-011,1569
TR-53-012,district,Rize,TR-53,,,,hdx_cod_ab_tur,TR-D-53-012,1586
TR-54-001,district,Adapazarı,TR-54,2008,,observed,hdx_cod_ab_tur,TR-D-54-001,2068
TR-54-002,district,Akyazı,TR-54,,,,hdx_cod_ab_tur,TR-D-54-002,1123
TR-54-003,district,Arifiye,TR-54,2008,,observed,hdx_cod_ab_tur,TR-D-54-003,2069
TR-54-004,district,Erenler,TR-54,2008,,observed,hdx_cod_ab_tur,TR-D-54-004,2070
TR-54-005,district,Ferizli,TR-54,,,,hdx_cod_ab_tur,TR-D-54-005,1925
TR-54-006,district,Geyve,TR-54,,,,hdx_cod_ab_tur,TR-D-54-006,1351
TR-54-007,district,Hendek,TR-54,,,,hdx_cod_ab_tur,TR-D-54-007,1391
TR-54-008,district,Karapürçek,TR-54,,,,hdx_cod_ab_tur,TR-D-54-008,1955
TR-54-009,district,Karasu,TR-54,,,,hdx_cod_ab_tur,TR-D-54-009,1442
TR-54-010,district,Kaynarca,TR-54,,,,hdx_cod_ab_tur,TR-D-54-010,1453
TR-54-011,district,Kocaali,TR-54,,,,hdx_cod_ab_tur,TR-D-54-011,1818
TR-54-012,district,Pamukova,TR-54,,,,hdx_cod_ab_tur,TR-D-54-012,1833
TR-54-013,district,Sapanca,TR-54,,,,hdx_cod_ab_tur,TR-D-54-013,1595
TR-54-014,district,Serdivan,TR-54,2008,,observed,hdx_cod_ab_tur,TR-D-54-014,2071
TR-54-015,district,Söğütlü,TR-54,,,,hdx_cod_ab_tur,TR-D-54-015,1986
TR-54-016,district,Taraklı,TR-54,,,,hdx_cod_ab_tur,TR-D-54-016,1847
TR-54-x1589,district,Merkez,TR-54,,2007,observed,tuik_medas,,1589
TR-55-001,district,19 Mayıs,TR-55,,,,hdx_cod_ab_tur,TR-D-55-001,1830
TR-55-002,district,Alaçam,TR-55,,,,hdx_cod_ab_tur,TR-D-55-002,1125
TR-55-003,district,Asarcık,TR-55,,,,hdx_cod_ab_tur,TR-D-55-003,1763
TR-55-004,district,Atakum,TR-55,2008,,observed,hdx_cod_ab_tur,TR-D-55-004,2072
TR-55-005,district,Ayvacık,TR-55,,,,hdx_cod_ab_tur,TR-D-55-005,1879
TR-55-006,district,Bafra,TR-55,,,,hdx_cod_ab_tur,TR-D-55-006,1164
TR-55-007,district,Canik,TR-55,2008,,observed,hdx_cod_ab_tur,TR-D-55-007,2073
TR-55-008,district,Çarşamba,TR-55,,,,hdx_cod_ab_tur,TR-D-55-008,1234
TR-55-009,district,Havza,TR-55,,,,hdx_cod_ab_tur,TR-D-55-009,1386
TR-55-010,district,İlkadım,TR-55,2008,,observed,hdx_cod_ab_tur,TR-D-55-010,2074
TR-55-011,district,Kavak,TR-55,,,,hdx_cod_ab_tur,TR-D-55-011,1452
TR-55-012,district,Ladik,TR-55,,,,hdx_cod_ab_tur,TR-D-55-012,1501
TR-55-013,district,Salıpazarı,TR-55,,,,hdx_cod_ab_tur,TR-D-55-013,1838
TR-55-014,district,Tekkeköy,TR-55,,,,hdx_cod_ab_tur,TR-D-55-014,1849
TR-55-015,district,Terme,TR-55,,,,hdx_cod_ab_tur,TR-D-55-015,1676
TR-55-016,district,Vezirköprü,TR-55,,,,hdx_cod_ab_tur,TR-D-55-016,1712
TR-55-017,district,Yakakent,TR-55,,,,hdx_cod_ab_tur,TR-D-55-017,1993
TR-55-x1593,district,Merkez,TR-55,,2007,observed,tuik_medas,,1593
TR-56-001,district,Baykan,TR-56,,,,hdx_cod_ab_tur,TR-D-56-001,1179
TR-56-002,district,Eruh,TR-56,,,,hdx_cod_ab_tur,TR-D-56-002,1317
TR-56-003,district,Kurtalan,TR-56,,,,hdx_cod_ab_tur,TR-D-56-003,1495
TR-56-004,district,Pervari,TR-56,,,,hdx_cod_ab_tur,TR-D-56-004,1575
TR-56-005,district,Siirt,TR-56,,,,hdx_cod_ab_tur,TR-D-56-005,1620
TR-56-006,district,Şirvan,TR-56,,,,hdx_cod_ab_tur,TR-D-56-006,1662
TR-56-007,district,Tillo,TR-56,,,,hdx_cod_ab_tur,TR-D-56-007,1878
TR-57-001,district,Ayancık,TR-57,,,,hdx_cod_ab_tur,TR-D-57-001,1156
TR-57-002,district,Boyabat,TR-57,,,,hdx_cod_ab_tur,TR-D-57-002,1204
TR-57-003,district,Dikmen,TR-57,,,,hdx_cod_ab_tur,TR-D-57-003,1910
TR-57-004,district,Durağan,TR-57,,,,hdx_cod_ab_tur,TR-D-57-004,1290
TR-57-005,district,Erfelek,TR-57,,,,hdx_cod_ab_tur,TR-D-57-005,1314
TR-57-006,district,Gerze,TR-57,,,,hdx_cod_ab_tur,TR-D-57-006,1349
TR-57-007,district,Saraydüzü,TR-57,,,,hdx_cod_ab_tur,TR-D-57-007,1981
TR-57-008,district,Sinop,TR-57,,,,hdx_cod_ab_tur,TR-D-57-008,1627
TR-57-009,district,Türkeli,TR-57,,,,hdx_cod_ab_tur,TR-D-57-009,1693
TR-58-001,district,Akıncılar,TR-58,,,,hdx_cod_ab_tur,TR-D-58-001,1870
TR-58-002,district,Altınyayla,TR-58,,,,hdx_cod_ab_tur,TR-D-58-002,1875
TR-58-003,district,Divriği,TR-58,,,,hdx_cod_ab_tur,TR-D-58-003,1282
TR-58-004,district,Doğanşar,TR-58,,,,hdx_cod_ab_tur,TR-D-58-004,1913
TR-58-005,district,Gemerek,TR-58,,,,hdx_cod_ab_tur,TR-D-58-005,1342
TR-58-006,district,Gölova,TR-58,,,,hdx_cod_ab_tur,TR-D-58-006,1927
TR-58-007,district,Gürün,TR-58,,,,hdx_cod_ab_tur,TR-D-58-007,1373
TR-58-008,district,Hafik,TR-58,,,,hdx_cod_ab_tur,TR-D-58-008,1376
TR-58-009,district,İmranlı,TR-58,,,,hdx_cod_ab_tur,TR-D-58-009,1407
TR-58-010,district,Kangal,TR-58,,,,hdx_cod_ab_tur,TR-D-58-010,1431
TR-58-011,district,Koyulhisar,TR-58,,,,hdx_cod_ab_tur,TR-D-58-011,1484
TR-58-012,district,Sivas,TR-58,,,,hdx_cod_ab_tur,TR-D-58-012,1628
TR-58-013,district,Suşehri,TR-58,,,,hdx_cod_ab_tur,TR-D-58-013,1646
TR-58-014,district,Şarkışla,TR-58,,,,hdx_cod_ab_tur,TR-D-58-014,1650
TR-58-015,district,Ulaş,TR-58,,,,hdx_cod_ab_tur,TR-D-58-015,1991
TR-58-016,district,Yıldızeli,TR-58,,,,hdx_cod_ab_tur,TR-D-58-016,1731
TR-58-017,district,Zara,TR-58,,,,hdx_cod_ab_tur,TR-D-58-017,1738
TR-59-001,district,Çerkezköy,TR-59,,,,hdx_cod_ab_tur,TR-D-59-001,1250
TR-59-002,district,Çorlu,TR-59,,,,hdx_cod_ab_tur,TR-D-59-002,1258
TR-59-003,district,Ergene,TR-59,2013,,observed,hdx_cod_ab_tur,TR-D-59-003,2094
TR-59-004,district,Hayrabolu,TR-59,,,,hdx_cod_ab_tur,TR-D-59-004,1388
TR-59-005,district,Kapaklı,TR-59,2013,,observed,hdx_cod_ab_tur,TR-D-59-005,2095
TR-59-006,district,Malkara,TR-59,,,,hdx_cod_ab_tur,TR-D-59-006,1511
TR-59-007,district,Marmara Ereğlisi,TR-59,,,,hdx_cod_ab_tur,TR-D-59-007,1825
TR-59-008,district,Muratlı,TR-59,,,,hdx_cod_ab_tur,TR-D-59-008,1538
TR-59-009,district,Saray,TR-59,,,,hdx_cod_ab_tur,TR-D-59-009,1596
TR-59-010,district,Süleymanpaşa,TR-59,2013,,observed,hdx_cod_ab_tur,TR-D-59-010,2096
TR-59-011,district,Şarköy,TR-59,,,,hdx_cod_ab_tur,TR-D-59-011,1652
TR-59-x1673,district,Merkez,TR-59,,2012,observed,tuik_medas,,1673
TR-60-001,district,Almus,TR-60,,,,hdx_cod_ab_tur,TR-D-60-001,1129
TR-60-002,district,Artova,TR-60,,,,hdx_cod_ab_tur,TR-D-60-002,1151
TR-60-003,district,Başçiftlik,TR-60,,,,hdx_cod_ab_tur,TR-D-60-003,1883
TR-60-004,district,Erbaa,TR-60,,,,hdx_cod_ab_tur,TR-D-60-004,1308
TR-60-005,district,Niksar,TR-60,,,,hdx_cod_ab_tur,TR-D-60-005,1545
TR-60-006,district,Pazar,TR-60,,,,hdx_cod_ab_tur,TR-D-60-006,1834
TR-60-007,district,Reşadiye,TR-60,,,,hdx_cod_ab_tur,TR-D-60-007,1584
TR-60-008,district,Sulusaray,TR-60,,,,hdx_cod_ab_tur,TR-D-60-008,1987
TR-60-009,district,Tokat,TR-60,,,,hdx_cod_ab_tur,TR-D-60-009,1679
TR-60-010,district,Turhal,TR-60,,,,hdx_cod_ab_tur,TR-D-60-010,1690
TR-60-011,district,Yeşilyurt,TR-60,,,,hdx_cod_ab_tur,TR-D-60-011,1858
TR-60-012,district,Zile,TR-60,,,,hdx_cod_ab_tur,TR-D-60-012,1740
TR-61-001,district,Akçaabat,TR-61,,,,hdx_cod_ab_tur,TR-D-61-001,1113
TR-61-002,district,Araklı,TR-61,,,,hdx_cod_ab_tur,TR-D-61-002,1141
TR-61-003,district,Arsin,TR-61,,,,hdx_cod_ab_tur,TR-D-61-003,1150
TR-61-004,district,Beşikdüzü,TR-61,,,,hdx_cod_ab_tur,TR-D-61-004,1775
TR-61-005,district,Çarşıbaşı,TR-61,,,,hdx_cod_ab_tur,TR-D-61-005,1896
TR-61-006,district,Çaykara,TR-61,,,,hdx_cod_ab_tur,TR-D-61-006,1244
TR-61-007,district,Dernekpazarı,TR-61,,,,hdx_cod_ab_tur,TR-D-61-007,1909
TR-61-008,district,Düzköy,TR-61,,,,hdx_cod_ab_tur,TR-D-61-008,1917
TR-61-009,district,Hayrat,TR-61,,,,hdx_cod_ab_tur,TR-D-61-009,1942
TR-61-010,district,Köprübaşı,TR-61,,,,hdx_cod_ab_tur,TR-D-61-010,1966
TR-61-011,district,Maçka,TR-61,,,,hdx_cod_ab_tur,TR-D-61-011,1507
TR-61-012,district,Of,TR-61,,,,hdx_cod_ab_tur,TR-D-61-012,1548
TR-61-013,district,Ortahisar,TR-61,2013,,observed,hdx_cod_ab_tur,TR-D-61-013,2097
TR-61-014,district,Sürmene,TR-61,,,,hdx_cod_ab_tur,TR-D-61-014,1647
TR-61-015,district,Şalpazarı,TR-61,,,,hdx_cod_ab_tur,TR-D-61-015,1842
TR-61-016,district,Tonya,TR-61,,,,hdx_cod_ab_tur,TR-D-61-016,1681
TR-61-017,district,Vakfıkebir,TR-61,,,,hdx_cod_ab_tur,TR-D-61-017,1709
TR-61-018,district,Yomra,TR-61,,,,hdx_cod_ab_tur,TR-D-61-018,1732
TR-61-x1686,district,Merkez,TR-61,,2012,observed,tuik_medas,,1686
TR-62-001,district,Çemişgezek,TR-62,,,,hdx_cod_ab_tur,TR-D-62-001,1247
TR-62-002,district,Hozat,TR-62,,,,hdx_cod_ab_tur,TR-D-62-002,1397
TR-62-003,district,Mazgirt,TR-62,,,,hdx_cod_ab_tur,TR-D-62-003,1518
TR-62-004,district,Nazımiye,TR-62,,,,hdx_cod_ab_tur,TR-D-62-004,1541
TR-62-005,district,Ovacık,TR-62,,,,hdx_cod_ab_tur,TR-D-62-005,1562
TR-62-006,district,Pertek,TR-62,,,,hdx_cod_ab_tur,TR-D-62-006,1574
TR-62-007,district,Pülümür,TR-62,,,,hdx_cod_ab_tur,TR-D-62-007,1581
TR-62-008,district,Tunceli,TR-62,,,,hdx_cod_ab_tur,TR-D-62-008,1688
TR-63-001,district,Akçakale,TR-63,,,,hdx_cod_ab_tur,TR-D-63-001,1115
TR-63-002,district,Birecik,TR-63,,,,hdx_cod_ab_tur,TR-D-63-002,1194
TR-63-003,district,Bozova,TR-63,,,,hdx_cod_ab_tur,TR-D-63-003,1209
TR-63-004,district,Ceylanpınar,TR-63,,,,hdx_cod_ab_tur,TR-D-63-004,1220
TR-63-005,district,Eyyübiye,TR-63,2013,,observed,hdx_cod_ab_tur,TR-D-63-005,2091
TR-63-006,district,Halfeti,TR-63,,,,hdx_cod_ab_tur,TR-D-63-006,1378
TR-63-007,district,Haliliye,TR-63,2013,,observed,hdx_cod_ab_tur,TR-D-63-007,2092
TR-63-008,district,Harran,TR-63,,,,hdx_cod_ab_tur,TR-D-63-008,1800
TR-63-009,district,Hilvan,TR-63,,,,hdx_cod_ab_tur,TR-D-63-009,1393
TR-63-010,district,Karaköprü,TR-63,2013,,observed,hdx_cod_ab_tur,TR-D-63-010,2093
TR-63-011,district,Siverek,TR-63,,,,hdx_cod_ab_tur,TR-D-63-011,1630
TR-63-012,district,Suruç,TR-63,,,,hdx_cod_ab_tur,TR-D-63-012,1643
TR-63-013,district,Viranşehir,TR-63,,,,hdx_cod_ab_tur,TR-D-63-013,1713
TR-63-x1702,district,Merkez,TR-63,,2012,observed,tuik_medas,,1702
TR-64-001,district,Banaz,TR-64,,,,hdx_cod_ab_tur,TR-D-64-001,1170
TR-64-002,district,Eşme,TR-64,,,,hdx_cod_ab_tur,TR-D-64-002,1323
TR-64-003,district,Karahallı,TR-64,,,,hdx_cod_ab_tur,TR-D-64-003,1436
TR-64-004,district,Sivaslı,TR-64,,,,hdx_cod_ab_tur,TR-D-64-004,1629
TR-64-005,district,Ulubey,TR-64,,,,hdx_cod_ab_tur,TR-D-64-005,1697
TR-64-006,district,Uşak,TR-64,,,,hdx_cod_ab_tur,TR-D-64-006,1704
TR-65-001,district,Bahçesaray,TR-65,,,,hdx_cod_ab_tur,TR-D-65-001,1770
TR-65-002,district,Başkale,TR-65,,,,hdx_cod_ab_tur,TR-D-65-002,1175
TR-65-003,district,Çaldıran,TR-65,,,,hdx_cod_ab_tur,TR-D-65-003,1786
TR-65-004,district,Çatak,TR-65,,,,hdx_cod_ab_tur,TR-D-65-004,1236
TR-65-005,district,Edremit,TR-65,,,,hdx_cod_ab_tur,TR-D-65-005,1918
TR-65-006,district,Erciş,TR-65,,,,hdx_cod_ab_tur,TR-D-65-006,1309
TR-65-007,district,Gevaş,TR-65,,,,hdx_cod_ab_tur,TR-D-65-007,1350
TR-65-008,district,Gürpınar,TR-65,,,,hdx_cod_ab_tur,TR-D-65-008,1372
TR-65-009,district,İpekyolu,TR-65,2013,,observed,hdx_cod_ab_tur,TR-D-65-009,2098
TR-65-010,district,Muradiye,TR-65,,,,hdx_cod_ab_tur,TR-D-65-010,1533
TR-65-011,district,Özalp,TR-65,,,,hdx_cod_ab_tur,TR-D-65-011,1565
TR-65-012,district,Saray,TR-65,,,,hdx_cod_ab_tur,TR-D-65-012,1980
TR-65-013,district,Tuşba,TR-65,2013,,observed,hdx_cod_ab_tur,TR-D-65-013,2099
TR-65-x1710,district,Merkez,TR-65,,2012,observed,tuik_medas,,1710
TR-66-001,district,Akdağmadeni,TR-66,,,,hdx_cod_ab_tur,TR-D-66-001,1117
TR-66-002,district,Aydıncık,TR-66,,,,hdx_cod_ab_tur,TR-D-66-002,1877
TR-66-003,district,Boğazlıyan,TR-66,,,,hdx_cod_ab_tur,TR-D-66-003,1198
TR-66-004,district,Çandır,TR-66,,,,hdx_cod_ab_tur,TR-D-66-004,1895
TR-66-005,district,Çayıralan,TR-66,,,,hdx_cod_ab_tur,TR-D-66-005,1242
TR-66-006,district,Çekerek,TR-66,,,,hdx_cod_ab_tur,TR-D-66-006,1245
TR-66-007,district,Kadışehri,TR-66,,,,hdx_cod_ab_tur,TR-D-66-007,1952
TR-66-008,district,Saraykent,TR-66,,,,hdx_cod_ab_tur,TR-D-66-008,1982
TR-66-009,district,Sarıkaya,TR-66,,,,hdx_cod_ab_tur,TR-D-66-009,1602
TR-66-010,district,Sorgun,TR-66,,,,hdx_cod_ab_tur,TR-D-66-010,1635
TR-66-011,district,Şefaatli,TR-66,,,,hdx_cod_ab_tur,TR-D-66-011,1655
TR-66-012,district,Yenifakılı,TR-66,,,,hdx_cod_ab_tur,TR-D-66-012,1998
TR-66-013,district,Yerköy,TR-66,,,,hdx_cod_ab_tur,TR-D-66-013,1726
TR-66-014,district,Yozgat,TR-66,,,,hdx_cod_ab_tur,TR-D-66-014,1733
TR-67-001,district,Alaplı,TR-67,,,,hdx_cod_ab_tur,TR-D-67-001,1758
TR-67-002,district,Çaycuma,TR-67,,,,hdx_cod_ab_tur,TR-D-67-002,1240
TR-67-003,district,Devrek,TR-67,,,,hdx_cod_ab_tur,TR-D-67-003,1276
TR-67-004,district,Ereğli,TR-67,,,,hdx_cod_ab_tur,TR-D-67-004,1313
TR-67-005,district,Gökçebey,TR-67,,,,hdx_cod_ab_tur,TR-D-67-005,1926
TR-67-006,district,Kilimli,TR-67,2013,,observed,hdx_cod_ab_tur,TR-D-67-006,2100
TR-67-007,district,Kozlu,TR-67,2013,,observed,hdx_cod_ab_tur,TR-D-67-007,2101
TR-67-008,district,Zonguldak,TR-67,,,,hdx_cod_ab_tur,TR-D-67-008,1741
TR-68-001,district,Ağaçören,TR-68,,,,hdx_cod_ab_tur,TR-D-68-001,1860
TR-68-002,district,Aksaray,TR-68,,,,hdx_cod_ab_tur,TR-D-68-002,1120
TR-68-003,district,Eskil,TR-68,,,,hdx_cod_ab_tur,TR-D-68-003,1921
TR-68-004,district,Gülağaç,TR-68,,,,hdx_cod_ab_tur,TR-D-68-004,1932
TR-68-005,district,Güzelyurt,TR-68,,,,hdx_cod_ab_tur,TR-D-68-005,1861
TR-68-006,district,Ortaköy,TR-68,,,,hdx_cod_ab_tur,TR-D-68-006,1557
TR-68-007,district,Sarıyahşi,TR-68,,,,hdx_cod_ab_tur,TR-D-68-007,1866
TR-68-008,district,Sultanhanı,TR-68,2017,,observed,hdx_cod_ab_tur,TR-D-68-008,2106
TR-69-001,district,Aydıntepe,TR-69,,,,hdx_cod_ab_tur,TR-D-69-001,1767
TR-69-002,district,Bayburt,TR-69,,,,hdx_cod_ab_tur,TR-D-69-002,1176
TR-69-003,district,Demirözü,TR-69,,,,hdx_cod_ab_tur,TR-D-69-003,1788
TR-70-001,district,Ayrancı,TR-70,,,,hdx_cod_ab_tur,TR-D-70-001,1768
TR-70-002,district,Başyayla,TR-70,,,,hdx_cod_ab_tur,TR-D-70-002,1884
TR-70-003,district,Ermenek,TR-70,,,,hdx_cod_ab_tur,TR-D-70-003,1316
TR-70-004,district,Karaman,TR-70,,,,hdx_cod_ab_tur,TR-D-70-004,1439
TR-70-005,district,Kazımkarabekir,TR-70,,,,hdx_cod_ab_tur,TR-D-70-005,1862
TR-70-006,district,Sarıveliler,TR-70,,,,hdx_cod_ab_tur,TR-D-70-006,1983
TR-71-001,district,Bahşili,TR-71,,,,hdx_cod_ab_tur,TR-D-71-001,1880
TR-71-002,district,Balışeyh,TR-71,,,,hdx_cod_ab_tur,TR-D-71-002,1882
TR-71-003,district,Çelebi,TR-71,,,,hdx_cod_ab_tur,TR-D-71-003,1901
TR-71-004,district,Delice,TR-71,,,,hdx_cod_ab_tur,TR-D-71-004,1268
TR-71-005,district,Karakeçili,TR-71,,,,hdx_cod_ab_tur,TR-D-71-005,1954
TR-71-006,district,Keskin,TR-71,,,,hdx_cod_ab_tur,TR-D-71-006,1463
TR-71-007,district,Kırıkkale,TR-71,,,,hdx_cod_ab_tur,TR-D-71-007,1469
TR-71-008,district,Sulakyurt,TR-71,,,,hdx_cod_ab_tur,TR-D-71-008,1638
TR-71-009,district,Yahşihan,TR-71,,,,hdx_cod_ab_tur,TR-D-71-009,1992
TR-72-001,district,Batman,TR-72,,,,hdx_cod_ab_tur,TR-D-72-001,1174
TR-72-002,district,Beşiri,TR-72,,,,hdx_cod_ab_tur,TR-D-72-002,1184
TR-72-003,district,Gercüş,TR-72,,,,hdx_cod_ab_tur,TR-D-72-003,1345
TR-72-004,district,Hasankeyf,TR-72,,,,hdx_cod_ab_tur,TR-D-72-004,1941
TR-72-005,district,Kozluk,TR-72,,,,hdx_cod_ab_tur,TR-D-72-005,1487
TR-72-006,district,Sason,TR-72,,,,hdx_cod_ab_tur,TR-D-72-006,1607
TR-73-001,district,Beytüşşebap,TR-73,,,,hdx_cod_ab_tur,TR-D-73-001,1189
TR-73-002,district,Cizre,TR-73,,,,hdx_cod_ab_tur,TR-D-73-002,1223
TR-73-003,district,Güçlükonak,TR-73,,,,hdx_cod_ab_tur,TR-D-73-003,1931
TR-73-004,district,İdil,TR-73,,,,hdx_cod_ab_tur,TR-D-73-004,1403
TR-73-005,district,Silopi,TR-73,,,,hdx_cod_ab_tur,TR-D-73-005,1623
TR-73-006,district,Şırnak,TR-73,,,,hdx_cod_ab_tur,TR-D-73-006,1661
TR-73-007,district,Uludere,TR-73,,,,hdx_cod_ab_tur,TR-D-73-007,1698
TR-74-001,district,Amasra,TR-74,,,,hdx_cod_ab_tur,TR-D-74-001,1761
TR-74-002,district,Bartın,TR-74,,,,hdx_cod_ab_tur,TR-D-74-002,1172
TR-74-003,district,Kurucaşile,TR-74,,,,hdx_cod_ab_tur,TR-D-74-003,1496
TR-74-004,district,Ulus,TR-74,,,,hdx_cod_ab_tur,TR-D-74-004,1701
TR-75-001,district,Ardahan,TR-75,,,,hdx_cod_ab_tur,TR-D-75-001,1144
TR-75-002,district,Çıldır,TR-75,,,,hdx_cod_ab_tur,TR-D-75-002,1252
TR-75-003,district,Damal,TR-75,,,,hdx_cod_ab_tur,TR-D-75-003,2008
TR-75-004,district,Göle,TR-75,,,,hdx_cod_ab_tur,TR-D-75-004,1356
TR-75-005,district,Hanak,TR-75,,,,hdx_cod_ab_tur,TR-D-75-005,1380
TR-75-006,district,Posof,TR-75,,,,hdx_cod_ab_tur,TR-D-75-006,1579
TR-76-001,district,Aralık,TR-76,,,,hdx_cod_ab_tur,TR-D-76-001,1142
TR-76-002,district,Iğdır,TR-76,,,,hdx_cod_ab_tur,TR-D-76-002,1398
TR-76-003,district,Karakoyunlu,TR-76,,,,hdx_cod_ab_tur,TR-D-76-003,2011
TR-76-004,district,Tuzluca,TR-76,,,,hdx_cod_ab_tur,TR-D-76-004,1692
TR-77-001,district,Altınova,TR-77,,,,hdx_cod_ab_tur,TR-D-77-001,2019
TR-77-002,district,Armutlu,TR-77,,,,hdx_cod_ab_tur,TR-D-77-002,2020
TR-77-003,district,Çiftlikköy,TR-77,,,,hdx_cod_ab_tur,TR-D-77-003,2022
TR-77-004,district,Çınarcık,TR-77,,,,hdx_cod_ab_tur,TR-D-77-004,2021
TR-77-005,district,Termal,TR-77,,,,hdx_cod_ab_tur,TR-D-77-005,2026
TR-77-006,district,Yalova,TR-77,,,,hdx_cod_ab_tur,TR-D-77-006,1716
TR-78-001,district,Eflani,TR-78,,,,hdx_cod_ab_tur,TR-D-78-001,1296
TR-78-002,district,Eskipazar,TR-78,,,,hdx_cod_ab_tur,TR-D-78-002,1321
TR-78-003,district,Karabük,TR-78,,,,hdx_cod_ab_tur,TR-D-78-003,1433
TR-78-004,district,Ovacık,TR-78,,,,hdx_cod_ab_tur,TR-D-78-004,1561
TR-78-005,district,Safranbolu,TR-78,,,,hdx_cod_ab_tur,TR-D-78-005,1587
TR-78-006,district,Yenice,TR-78,,,,hdx_cod_ab_tur,TR-D-78-006,1856
TR-79-001,district,Elbeyli,TR-79,,,,hdx_cod_ab_tur,TR-D-79-001,2023
TR-79-002,district,Kilis,TR-79,,,,hdx_cod_ab_tur,TR-D-79-002,1476
TR-79-003,district,Musabeyli,TR-79,,,,hdx_cod_ab_tur,TR-D-79-003,2024
TR-79-004,district,Polateli,TR-79,,,,hdx_cod_ab_tur,TR-D-79-004,2025
TR-80-001,district,Bahçe,TR-80,,,,hdx_cod_ab_tur,TR-D-80-001,1165
TR-80-002,district,Düziçi,TR-80,,,,hdx_cod_ab_tur,TR-D-80-002,1743
TR-80-003,district,Hasanbeyli,TR-80,,,,hdx_cod_ab_tur,TR-D-80-003,2027
TR-80-004,district,Kadirli,TR-80,,,,hdx_cod_ab_tur,TR-D-80-004,1423
TR-80-005,district,Osmaniye,TR-80,,,,hdx_cod_ab_tur,TR-D-80-005,1560
TR-80-006,district,Sumbas,TR-80,,,,hdx_cod_ab_tur,TR-D-80-006,2028
TR-80-007,district,Toprakkale,TR-80,,,,hdx_cod_ab_tur,TR-D-80-007,2029
TR-81-001,district,Akçakoca,TR-81,,,,hdx_cod_ab_tur,TR-D-81-001,1116
TR-81-002,district,Cumayeri,TR-81,,,,hdx_cod_ab_tur,TR-D-81-002,1784
TR-81-003,district,Çilimli,TR-81,,,,hdx_cod_ab_tur,TR-D-81-003,1905
TR-81-004,district,Düzce,TR-81,,,,hdx_cod_ab_tur,TR-D-81-004,1292
TR-81-005,district,Gölyaka,TR-81,,,,hdx_cod_ab_tur,TR-D-81-005,1794
TR-81-006,district,Gümüşova,TR-81,,,,hdx_cod_ab_tur,TR-D-81-006,2017
TR-81-007,district,Kaynaşlı,TR-81,,,,hdx_cod_ab_tur,TR-D-81-007,2031
TR-81-008,district,Yığılca,TR-81,,,,hdx_cod_ab_tur,TR-D-81-008,1730
